Strain,Accession,Isolation_source,Culture_collection,Bioproject,BioSample,Host,Collection_date,Origin,lat,lon,Serovar
ATCC 13048,13048,Sputum; dept. of health and environmental control,ATCC,Unknown,Unknown,Unknown,Unknown,Unknown,NA,NA,Unknown
ATCC 15038,15038,Feces,ATCC,Unknown,Unknown,Unknown,Unknown,Unknown,NA,NA,Unknown
ATCC 29008,29008,Unknown,ATCC,Unknown,Unknown,Unknown,Unknown,Unknown,NA,NA,Unknown
ATCC 29009,29009,Unknown,ATCC,Unknown,Unknown,Unknown,Unknown,Unknown,NA,NA,Unknown
ATCC 29010,29010,Trachea,ATCC,Unknown,Unknown,Unknown,Unknown,Unknown,NA,NA,Unknown
ATCC 35028,35028,Unknown,ATCC,Unknown,Unknown,Unknown,Unknown,Unknown,NA,NA,Unknown
ATCC 35029,35029,Unknown,ATCC,Unknown,Unknown,Unknown,Unknown,Unknown,NA,NA,Unknown
ATCC 43175,43175,Unknown,ATCC,Unknown,Unknown,Unknown,Unknown,Unknown,NA,NA,Unknown
ATCC 49469,49469,Clinical isolate,ATCC,Unknown,Unknown,Unknown,Unknown,Unknown,NA,NA,Unknown
ATCC 49701,49701,Water,ATCC,Unknown,Unknown,Unknown,Unknown,Unknown,NA,NA,Unknown
ATCC 51697,51697,Unknown,ATCC,Unknown,Unknown,Unknown,Unknown,Unknown,NA,NA,Unknown
ATCC BAA-2356,BAA-2356,Unknown,ATCC,Unknown,Unknown,Unknown,Unknown,Unknown,NA,NA,Unknown
ATCC 15764,15764,Urine,ATCC,Unknown,Unknown,Unknown,Unknown,Unknown,NA,NA,Unknown
ATCC 43086,43086,Unknown,ATCC,Unknown,Unknown,Unknown,Unknown,Unknown,NA,NA,Unknown
ATCC BAA-2403,BAA-2403,Toothbrush holder,ATCC,Unknown,Unknown,Unknown,Unknown,Unknown,NA,NA,Unknown
ATCC 13030,13030,Unknown,ATCC,Unknown,Unknown,Unknown,Unknown,Unknown,NA,NA,Unknown
ATCC 13182,13182,Pharyngeal tonsiln,ATCC,Unknown,Unknown,Unknown,Unknown,Unknown,NA,NA,Unknown
ATCC 13183,13183,Pharyngeal tonsil,ATCC,Unknown,Unknown,Unknown,Unknown,Unknown,NA,NA,Unknown
ATCC 33496,33496,Urinary tract,ATCC,Unknown,Unknown,Unknown,Unknown,Unknown,NA,NA,Unknown
ATCC 35600,35600,Clinical isolate,ATCC,Unknown,Unknown,Unknown,Unknown,Unknown,NA,NA,Unknown
ATCC 43165,43165,Clinical isolate,ATCC,Unknown,Unknown,Unknown,Unknown,Unknown,NA,NA,Unknown
ATCC 43863,43863,Unknown,ATCC,Unknown,Unknown,Unknown,Unknown,Unknown,NA,NA,Unknown
ATCC 49131,49131,Clinical isolate,ATCC,Unknown,Unknown,Unknown,Unknown,Unknown,NA,NA,Unknown
ATCC 51817,51817,Milk,ATCC,Unknown,Unknown,Unknown,Unknown,Unknown,NA,NA,Unknown
ATCC 51983,51983,Blood,ATCC,Unknown,Unknown,Unknown,Unknown,Unknown,NA,NA,Unknown
ATCC 700324,700324,Unknown,ATCC,Unknown,Unknown,Unknown,Unknown,Unknown,NA,NA,Unknown
ATCC 8724,8724,Unknown,ATCC,Unknown,Unknown,Unknown,Unknown,Unknown,NA,NA,Unknown
ATCC BAA-2572,BAA-2572,Unknown,ATCC,Unknown,Unknown,Unknown,Unknown,Unknown,NA,NA,Unknown
ATCC BAA-3059,BAA-3059,Wound,ATCC,Unknown,Unknown,Unknown,Unknown,Unknown,NA,NA,Unknown
ATCC 4352,4352,Dairy products - cow's milk,ATCC,Unknown,Unknown,Unknown,Unknown,Unknown,NA,NA,Unknown
ATCC BAA-1144,BAA-1144,Clinical specimen,ATCC,Unknown,Unknown,Unknown,Unknown,Unknown,NA,NA,Unknown
ATCC BAA-1705,BAA-1705,Urine; 2007 cap survey,ATCC,Unknown,Unknown,Unknown,Unknown,Unknown,NA,NA,Unknown
ATCC BAA-1706,BAA-1706,Unknown,ATCC,Unknown,Unknown,Unknown,Unknown,Unknown,NA,NA,Unknown
ATCC BAA-1898,BAA-1898,"Human, northern virginia",ATCC,Unknown,Unknown,Unknown,Unknown,Unknown,NA,NA,Unknown
ATCC BAA-1899,BAA-1899,"Human, northern virginia",ATCC,Unknown,Unknown,Unknown,Unknown,Unknown,NA,NA,Unknown
ATCC BAA-1900,BAA-1900,Unknown,ATCC,Unknown,Unknown,Unknown,Unknown,Unknown,NA,NA,Unknown
ATCC BAA-1902,BAA-1902,Human,ATCC,Unknown,Unknown,Unknown,Unknown,Unknown,NA,NA,Unknown
ATCC BAA-1903,BAA-1903,Human,ATCC,Unknown,Unknown,Unknown,Unknown,Unknown,NA,NA,Unknown
ATCC BAA-1904,BAA-1904,Human,ATCC,Unknown,Unknown,Unknown,Unknown,Unknown,NA,NA,Unknown
ATCC BAA-1905,BAA-1905,Human,ATCC,Unknown,Unknown,Unknown,Unknown,Unknown,NA,NA,Unknown
ATCC BAA-2146,BAA-2146,Urine,ATCC,Unknown,Unknown,Unknown,Unknown,Unknown,NA,NA,Unknown
ATCC BAA-2342,BAA-2342,Clinical specimen,ATCC,Unknown,Unknown,Unknown,Unknown,Unknown,NA,NA,Unknown
ATCC BAA-2343,BAA-2343,Unknown,ATCC,Unknown,Unknown,Unknown,Unknown,Unknown,NA,NA,Unknown
ATCC BAA-2344,BAA-2344,Unknown,ATCC,Unknown,Unknown,Unknown,Unknown,Unknown,NA,NA,Unknown
ATCC BAA-2473,BAA-2473,Human urine,ATCC,Unknown,Unknown,Unknown,Unknown,Unknown,NA,NA,Unknown
ATCC BAA-2782,BAA-2782,Peritoneal fluid,ATCC,Unknown,Unknown,Unknown,Unknown,Unknown,NA,NA,Unknown
ATCC BAA-2783,BAA-2783,Large colon,ATCC,Unknown,Unknown,Unknown,Unknown,Unknown,NA,NA,Unknown
ATCC BAA-2784,BAA-2784,Urine,ATCC,Unknown,Unknown,Unknown,Unknown,Unknown,NA,NA,Unknown
ATCC BAA-2785,BAA-2785,Unknown,ATCC,Unknown,Unknown,Unknown,Unknown,Unknown,NA,NA,Unknown
ATCC BAA-2786,BAA-2786,Deep wound,ATCC,Unknown,Unknown,Unknown,Unknown,Unknown,NA,NA,Unknown
ATCC BAA-2787,BAA-2787,Urine,ATCC,Unknown,Unknown,Unknown,Unknown,Unknown,NA,NA,Unknown
ATCC BAA-2788,BAA-2788,Urine,ATCC,Unknown,Unknown,Unknown,Unknown,Unknown,NA,NA,Unknown
ATCC BAA-2789,BAA-2789,Blood,ATCC,Unknown,Unknown,Unknown,Unknown,Unknown,NA,NA,Unknown
ATCC BAA-2790,BAA-2790,Wound,ATCC,Unknown,Unknown,Unknown,Unknown,Unknown,NA,NA,Unknown
ATCC BAA-2814,BAA-2814,Human with leukemia/lymphoma,ATCC,Unknown,Unknown,Unknown,Unknown,Unknown,NA,NA,Unknown
ATCC BAA-3060,BAA-3060,Urine,ATCC,Unknown,Unknown,Unknown,Unknown,Unknown,NA,NA,Unknown
ATCC BAA-3061,BAA-3061,Respiratory; endotracheal aspirate,ATCC,Unknown,Unknown,Unknown,Unknown,Unknown,NA,NA,Unknown
ATCC BAA-3062,BAA-3062,Blood,ATCC,Unknown,Unknown,Unknown,Unknown,Unknown,NA,NA,Unknown
ATCC BAA-3063,BAA-3063,Blood,ATCC,Unknown,Unknown,Unknown,Unknown,Unknown,NA,NA,Unknown
ATCC BAA-3064,BAA-3064,Abscess,ATCC,Unknown,Unknown,Unknown,Unknown,Unknown,NA,NA,Unknown
ATCC BAA-3065,BAA-3065,Urine,ATCC,Unknown,Unknown,Unknown,Unknown,Unknown,NA,NA,Unknown
ATCC BAA-3066,BAA-3066,Wound,ATCC,Unknown,Unknown,Unknown,Unknown,Unknown,NA,NA,Unknown
ATCC BAA-3067,BAA-3067,Carbuncle,ATCC,Unknown,Unknown,Unknown,Unknown,Unknown,NA,NA,Unknown
ATCC BAA-3068,BAA-3068,Endotracheal aspirate,ATCC,Unknown,Unknown,Unknown,Unknown,Unknown,NA,NA,Unknown
ATCC BAA-3069,BAA-3069,Peritoneal fluid,ATCC,Unknown,Unknown,Unknown,Unknown,Unknown,NA,NA,Unknown
ATCC BAA-3070,BAA-3070,Urine,ATCC,Unknown,Unknown,Unknown,Unknown,Unknown,NA,NA,Unknown
ATCC BAA-3071,BAA-3071,Abscess,ATCC,Unknown,Unknown,Unknown,Unknown,Unknown,NA,NA,Unknown
ATCC BAA-3072,BAA-3072,Urine,ATCC,Unknown,Unknown,Unknown,Unknown,Unknown,NA,NA,Unknown
ATCC BAA-3073,BAA-3073,Urine,ATCC,Unknown,Unknown,Unknown,Unknown,Unknown,NA,NA,Unknown
ATCC BAA-3074,BAA-3074,Sputum,ATCC,Unknown,Unknown,Unknown,Unknown,Unknown,NA,NA,Unknown
ATCC BAA-3075,BAA-3075,Respiratory sputum,ATCC,Unknown,Unknown,Unknown,Unknown,Unknown,NA,NA,Unknown
ATCC BAA-3076,BAA-3076,Respiratory sputum,ATCC,Unknown,Unknown,Unknown,Unknown,Unknown,NA,NA,Unknown
ATCC BAA-3077,BAA-3077,Endotracheal aspirate,ATCC,Unknown,Unknown,Unknown,Unknown,Unknown,NA,NA,Unknown
ATCC BAA-3078,BAA-3078,Urine,ATCC,Unknown,Unknown,Unknown,Unknown,Unknown,NA,NA,Unknown
ATCC BAA-3079,BAA-3079,Furuncle,ATCC,Unknown,Unknown,Unknown,Unknown,Unknown,NA,NA,Unknown
ATCC 11296,11296,Unknown,ATCC,Unknown,Unknown,Unknown,Unknown,Unknown,NA,NA,Unknown
ATCC 10031,10031,Unknown,ATCC,Unknown,Unknown,Unknown,Unknown,Unknown,NA,NA,Unknown
ATCC 10273,10273,Type 3,ATCC,Unknown,Unknown,Unknown,Unknown,Unknown,NA,NA,Unknown
ATCC 10872,10872,Unknown,ATCC,Unknown,Unknown,Unknown,Unknown,Unknown,NA,NA,Unknown
ATCC 12657,12657,Unknown,ATCC,Unknown,Unknown,Unknown,Unknown,Unknown,NA,NA,Unknown
ATCC 132,132,Unknown,ATCC,Unknown,Unknown,Unknown,Unknown,Unknown,NA,NA,Unknown
ATCC 13882,13882,Water,ATCC,Unknown,Unknown,Unknown,Unknown,Unknown,NA,NA,Unknown
ATCC 13883,13883,Unknown,ATCC,Unknown,Unknown,Unknown,Unknown,Unknown,NA,NA,Unknown
ATCC 13886,13886,Pneumoniae,ATCC,Unknown,Unknown,Unknown,Unknown,Unknown,NA,NA,Unknown
ATCC 15380,15380,Unknown,ATCC,Unknown,Unknown,Unknown,Unknown,Unknown,NA,NA,Unknown
ATCC 211,211,Unknown,ATCC,Unknown,Unknown,Unknown,Unknown,Unknown,NA,NA,Unknown
ATCC 21215,21215,Unknown,ATCC,Unknown,Unknown,Unknown,Unknown,Unknown,NA,NA,Unknown
ATCC 23356,23356,Unknown,ATCC,Unknown,Unknown,Unknown,Unknown,Unknown,NA,NA,Unknown
ATCC 23357,23357,Unknown,ATCC,Unknown,Unknown,Unknown,Unknown,Unknown,NA,NA,Unknown
ATCC 25955,25955,Unknown,ATCC,Unknown,Unknown,Unknown,Unknown,Unknown,NA,NA,Unknown
ATCC 27736,27736,Infection,ATCC,Unknown,Unknown,Unknown,Unknown,Unknown,NA,NA,Unknown
ATCC 27799,27799,Urine,ATCC,Unknown,Unknown,Unknown,Unknown,Unknown,NA,NA,Unknown
ATCC 29013,29013,Blood,ATCC,Unknown,Unknown,Unknown,Unknown,Unknown,NA,NA,Unknown
ATCC 29665,29665,Derived from existing strain (atcc 15380),ATCC,Unknown,Unknown,Unknown,Unknown,Unknown,NA,NA,Unknown
ATCC 31311,31311,Soil,ATCC,Unknown,Unknown,Unknown,Unknown,Unknown,NA,NA,Unknown
ATCC 31646,31646,Soil,ATCC,Unknown,Unknown,Unknown,Unknown,Unknown,NA,NA,Unknown
ATCC 33495,33495,Urinary tract,ATCC,Unknown,Unknown,Unknown,Unknown,Unknown,NA,NA,Unknown
ATCC 35593,35593,Clinical isolate,ATCC,Unknown,Unknown,Unknown,Unknown,Unknown,NA,NA,Unknown
ATCC 35657,35657,Unknown,ATCC,Unknown,Unknown,Unknown,Unknown,Unknown,NA,NA,Unknown
ATCC 4208,4208,Unknown,ATCC,Unknown,Unknown,Unknown,Unknown,Unknown,NA,NA,Unknown
ATCC 4209,4209,Unknown,ATCC,Unknown,Unknown,Unknown,Unknown,Unknown,NA,NA,Unknown
ATCC 43816,43816,Unknown,ATCC,Unknown,Unknown,Unknown,Unknown,Unknown,NA,NA,Unknown
ATCC 49472,49472,Clinical isolate,ATCC,Unknown,Unknown,Unknown,Unknown,Unknown,NA,NA,Unknown
ATCC 51503,51503,Clinical isolate,ATCC,Unknown,Unknown,Unknown,Unknown,Unknown,NA,NA,Unknown
ATCC 51504,51504,Clinical isolate,ATCC,Unknown,Unknown,Unknown,Unknown,Unknown,NA,NA,Unknown
ATCC 700721,700721,Sputum,ATCC,Unknown,Unknown,Unknown,Unknown,Unknown,NA,NA,Unknown
ATCC BAA-2470,BAA-2470,Respiratory sample,ATCC,Unknown,Unknown,Unknown,Unknown,Unknown,NA,NA,Unknown
ATCC BAA-2472,BAA-2472,Respiratory sample,ATCC,Unknown,Unknown,Unknown,Unknown,Unknown,NA,NA,Unknown
ATCC BAA-2524,BAA-2524,Clinical isolate from biomerieux,ATCC,Unknown,Unknown,Unknown,Unknown,Unknown,NA,NA,Unknown
ATCC 13884,13884,Nose,ATCC,Unknown,Unknown,Unknown,Unknown,Unknown,NA,NA,Unknown
ATCC 9436,9436,Patient,ATCC,Unknown,Unknown,Unknown,Unknown,Unknown,NA,NA,Unknown
ATCC 700603,700603,Urine from hospitalized patient,ATCC,Unknown,Unknown,Unknown,Unknown,Unknown,NA,NA,Unknown
ATCC TSD-144,TSD-144,Unknown,ATCC,Unknown,Unknown,Unknown,Unknown,Unknown,NA,NA,Unknown
ATCC 31488,31488,Soil,ATCC,Unknown,Unknown,Unknown,Unknown,Unknown,NA,NA,Unknown
ATCC BAA-2552,BAA-2552,Corn plant,ATCC,Unknown,Unknown,Unknown,Unknown,Unknown,NA,NA,Unknown
ATCC BAA-830,BAA-830,Banana root; isolated march 2001,ATCC,Unknown,Unknown,Unknown,Unknown,Unknown,NA,NA,Unknown
NCTC10006,GCA_900635435.1,Unknown,NCTC,PRJEB6403,SAMEA2548136,Unknown,Unknown,Unknown,NA,NA,Unknown
NCTC9735,GCA_900637945.1,Unknown,NCTC,PRJEB6403,SAMEA80457418,Unknown,1900/1955,Unknown,NA,NA,Unknown
NCTC11683,GCA_900451335.1,Unknown,NCTC,PRJEB6403,SAMEA2709020,Unknown,Unknown,Unknown,NA,NA,Unknown
NCTC9149,GCA_900461515.1,Sputum,NCTC,PRJEB6403,SAMEA3340627,Unknown,1900/1952,Unknown,NA,NA,K29
NCTC9146 substr. serovar casular type 26,GCA_901542455.1,Sputum,NCTC,PRJEB6403,SAMEA3492648,Unknown,1900/1952,Denmark,56.26392,9.501785,Unknown
NCTC8167,GCA_900451325.1,Unknown,NCTC,PRJEB6403,SAMEA3340624,Unknown,1900/1950,United Kingdom: London,51.5072178,-0.1275862,K18
NCTC11694,GCA_900451375.1,Unknown,NCTC,PRJEB6403,SAMEA2709021,Unknown,Unknown,Unknown,NA,NA,Unknown
NCTC10261,GCA_900451945.1,Unknown,NCTC,PRJEB6403,SAMEA3307905,Unknown,1958/1900,Unknown,NA,NA,Unknown
NCTC9161,GCA_900452065.1,Throat swab,NCTC,PRJEB6403,SAMEA3310345,Unknown,1900/1952,Unknown,NA,NA,K41
NCTC9186,GCA_900452635.1,Milk,NCTC,PRJEB6403,SAMEA3340633,Environmental,1900/1953,Unknown,NA,NA,K66
NCTC11685,GCA_900461495.1,Feces,NCTC,PRJEB6403,SAMEA3282970,Homo sapiens,1900/1979,United Kingdom: Leeds,53.8007554,-1.5490774,Unknown
NCTC13775,GCA_900451165.1,Lung,NCTC,PRJEB6403,SAMEA3879499,Homo sapiens,1974,Unknown,NA,NA,Unknown
NCTC11691,GCA_900451235.1,Unknown,NCTC,PRJEB6403,SAMEA3251442,Unknown,1900/1984,Unknown,NA,NA,Unknown
NCTC11696,GCA_900451255.1,Unknown,NCTC,PRJEB6403,SAMEA2709023,Unknown,Unknown,Unknown,NA,NA,Unknown
NCTC11355,GCA_900478285.1,Unknown,NCTC,PRJEB6403,SAMEA3251431,Unknown,1900/1980,United Kingdom: Coventry,52.4128163,-1.5089521,K74
NCTC11356,GCA_900635105.1,Unknown,NCTC,PRJEB6403,SAMEA3251432,Unknown,1900/1980,United Kingdom: Coventry,52.4128163,-1.5089521,K79
NCTC13727,GCA_900636985.1,Pharyngeal tonsil,NCTC,PRJEB6403,SAMEA3923594,Unknown,1900/2015,Unknown,NA,NA,Unknown
MRSN761403,GCA_019927265.1,Blood,BEI Resources,PRJNA717739,SAMN18874781,Homo sapiens,2020-03-20,USA: Nevada,36.24,-115.04,Unknown
MRSN750999,GCA_019927285.1,Urine,BEI Resources,PRJNA717739,SAMN18874779,Homo sapiens,2020-01-15,USA: District of Columbia,38.97,-77.03,Unknown
MRSN742743,GCA_019927305.1,Blood,BEI Resources,PRJNA717739,SAMN18874777,Homo sapiens,2019-11-21,USA: Virginia,38.7,-77.13,Unknown
MRSN750877,GCA_019927315.1,Urine,BEI Resources,PRJNA717739,SAMN18874778,Homo sapiens,2020-01-07,USA: District of Columbia,38.97,-77.03,Unknown
MRSN736213,GCA_019927325.1,Urine,BEI Resources,PRJNA717739,SAMN18874775,Homo sapiens,2019-12-03,USA: District of Columbia,38.97,-77.03,Unknown
MRSN740795,GCA_019927345.1,Respiratory,BEI Resources,PRJNA717739,SAMN18874776,Homo sapiens,2019-12-12,Ukraine: Vinnitsa,49.22,28.44,Unknown
MRSN731029,GCA_019927385.1,Urine,BEI Resources,PRJNA717739,SAMN18874774,Homo sapiens,2019-10-08,South Korea,35.907757,127.766922,Unknown
MRSN702261,GCA_019927405.1,Wound,BEI Resources,PRJNA717739,SAMN18874770,Homo sapiens,2019-03-26,Kenya: Nairobi,-1.2920659,36.8219462,Unknown
MRSN702325,GCA_019927425.1,Wound,BEI Resources,PRJNA717739,SAMN18874771,Homo sapiens,2019-02-12,Kenya: Nairobi,-1.2920659,36.8219462,Unknown
MRSN730567,GCA_019927435.1,Blood,BEI Resources,PRJNA717739,SAMN18874773,Homo sapiens,2019-12-21,USA: District of Columbia,38.97,-77.03,Unknown
MRSN728987,GCA_019927465.1,Wound,BEI Resources,PRJNA717739,SAMN18874772,Homo sapiens,2018-05-25,Thailand,15.870032,100.992541,Unknown
MRSN699654,GCA_019927485.1,Urine,BEI Resources,PRJNA717739,SAMN18874769,Homo sapiens,2019-10-29,USA: District of Columbia,38.97,-77.03,Unknown
MRSN699478,GCA_019927505.1,Urine,BEI Resources,PRJNA717739,SAMN18874768,Homo sapiens,2019-10-11,USA: District of Columbia,38.97,-77.03,Unknown
MRSN681054,GCA_019927525.1,Urine,BEI Resources,PRJNA717739,SAMN18874767,Homo sapiens,2015-10-18,Philippines,12.879721,121.774017,Unknown
MRSN680172,GCA_019927535.1,Urine,BEI Resources,PRJNA717739,SAMN18874766,Homo sapiens,2019-09-04,USA: District of Columbia,38.97,-77.03,Unknown
MRSN676980,GCA_019927565.1,Urine,BEI Resources,PRJNA717739,SAMN18874765,Homo sapiens,2019-08-26,USA: North Carolina,35.14,-79,Unknown
MRSN669510,GCA_019927585.1,Respiratory,BEI Resources,PRJNA717739,SAMN18874763,Homo sapiens,2018-04-23,Italy: Sienna,43.31,11.33,Unknown
MRSN672476,GCA_019927605.1,Urine,BEI Resources,PRJNA717739,SAMN18874764,Homo sapiens,2019-07-01,USA: Virginia,38.7,-77.13,Unknown
MRSN613682,GCA_019927625.1,Enviromental,BEI Resources,PRJNA717739,SAMN18874760,Homo sapiens,2018-04-12,Kenya: Nairobi,-1.2920659,36.8219462,Unknown
MRSN607210,GCA_019927645.1,Urine,BEI Resources,PRJNA717739,SAMN18874759,Homo sapiens,2018-09-26,USA: District of Columbia,38.97,-77.03,Unknown
MRSN614201,GCA_019927655.1,Enviromental,BEI Resources,PRJNA717739,SAMN18874761,Homo sapiens,2018-09-26,Kenya: Nairobi,-1.2920659,36.8219462,Unknown
MRSN669448,GCA_019927685.1,Blood,BEI Resources,PRJNA717739,SAMN18874762,Homo sapiens,2017-09-25,Italy: Sienna,43.31,11.33,Unknown
MRSN599975,GCA_019927705.1,Urine,BEI Resources,PRJNA717739,SAMN18874758,Homo sapiens,2018-08-14,USA: Texas,29.38,-98.62,Unknown
MRSN591344,GCA_019927725.1,Wound,BEI Resources,PRJNA717739,SAMN18874757,Homo sapiens,2018-07-24,USA: Texas,29.46,-98.41,Unknown
MRSN583141,GCA_019927745.1,Urine,BEI Resources,PRJNA717739,SAMN18874756,Homo sapiens,2018-06-27,USA: Arizona,33.53,-112.38,Unknown
MRSN583114,GCA_019927765.1,Surveillance,BEI Resources,PRJNA717739,SAMN18874755,Homo sapiens,2018-06-11,Germany: Landstuhl,49.4,7.56,Unknown
MRSN582610,GCA_019927785.1,Respiratory,BEI Resources,PRJNA717739,SAMN18874754,Homo sapiens,2017-10-10,Thailand,15.870032,100.992541,Unknown
MRSN581745,GCA_019927805.1,Urine,BEI Resources,PRJNA717739,SAMN18874753,Homo sapiens,2018-01-19,Thailand,15.870032,100.992541,Unknown
MRSN564304,GCA_019927825.1,Urine,BEI Resources,PRJNA717739,SAMN18874751,Homo sapiens,2018-02-28,USA: District of Columbia,38.97,-77.03,Unknown
MRSN562722,GCA_019927845.1,Urine,BEI Resources,PRJNA717739,SAMN18874750,Homo sapiens,2018-04-02,USA: California,32.72,-117.14,Unknown
MRSN572640,GCA_019927855.1,Blood,BEI Resources,PRJNA717739,SAMN18874752,Homo sapiens,2018-04-26,USA: District of Columbia,38.97,-77.03,Unknown
MRSN546733,GCA_019927885.1,Urine,BEI Resources,PRJNA717739,SAMN18874748,Homo sapiens,2018-01-26,USA: Texas,29.46,-98.41,Unknown
MRSN560539,GCA_019927905.1,Urine,BEI Resources,PRJNA717739,SAMN18874749,Homo sapiens,2018-03-30,USA: Virginia,36.84,-76.3,Unknown
MRSN539414,GCA_019927925.1,Blood,BEI Resources,PRJNA717739,SAMN18874747,Homo sapiens,2017-12-10,USA: Texas,29.46,-98.41,Unknown
MRSN526410,GCA_019927945.1,Urine,BEI Resources,PRJNA717739,SAMN18874746,Homo sapiens,2017-11-12,Germany: Landstuhl,49.4,7.56,Unknown
MRSN518712,GCA_019927965.1,Unknown,BEI Resources,PRJNA717739,SAMN18874745,Homo sapiens,2016-05-04,Jordan,30.585164,36.238414,Unknown
MRSN516635,GCA_019927985.1,Unknown,BEI Resources,PRJNA717739,SAMN18874743,Homo sapiens,2016-05-04,Jordan,30.585164,36.238414,Unknown
MRSN517281,GCA_019928005.1,Unknown,BEI Resources,PRJNA717739,SAMN18874744,Homo sapiens,2016-05-04,Jordan,30.585164,36.238414,Unknown
MRSN515432,GCA_019928025.1,Unknown,BEI Resources,PRJNA717739,SAMN18874742,Homo sapiens,2014-12-15,Jordan,30.585164,36.238414,Unknown
MRSN515247,GCA_019928045.1,Unknown,BEI Resources,PRJNA717739,SAMN18874741,Homo sapiens,2016-05-04,Jordan,30.585164,36.238414,Unknown
MRSN513382,GCA_019928065.1,Unknown,BEI Resources,PRJNA717739,SAMN18874740,Homo sapiens,2014-02-24,Jordan,30.585164,36.238414,Unknown
MRSN479404,GCA_019928105.1,Rectal,BEI Resources,PRJNA717739,SAMN18874737,Homo sapiens,2017-04-15,Thailand,15.870032,100.992541,Unknown
MRSN499958,GCA_019928115.1,Urine,BEI Resources,PRJNA717739,SAMN18874738,Homo sapiens,2017-08-27,USA: North Carolina,35.14,-79,Unknown
MRSN468268,GCA_019928145.1,Urine,BEI Resources,PRJNA717739,SAMN18874736,Homo sapiens,2017-04-11,USA: North Carolina,35.14,-79,Unknown
MRSN450199,GCA_019928165.1,Urine,BEI Resources,PRJNA717739,SAMN18874735,Homo sapiens,2017-01-10,USA: District of Columbia,38.97,-77.03,Unknown
MRSN430414,GCA_019928185.1,Blood,BEI Resources,PRJNA717739,SAMN18874734,Homo sapiens,2013-09-30,Israel: Jerusalem,31.77,35.18,Unknown
MRSN414780,GCA_019928205.1,Urine,BEI Resources,PRJNA717739,SAMN18874732,Homo sapiens,2016-08-18,USA: Texas,29.38,-98.62,Unknown
MRSN430405,GCA_019928215.1,Blood,BEI Resources,PRJNA717739,SAMN18874733,Homo sapiens,2013-04-28,Israel: Jerusalem,31.77,35.18,Unknown
MRSN410359,GCA_019928245.1,Urine,BEI Resources,PRJNA717739,SAMN18874731,Homo sapiens,2016-07-26,USA: Texas,29.38,-98.62,Unknown
MRSN401050,GCA_019928265.1,Fluid,BEI Resources,PRJNA717739,SAMN18874730,Homo sapiens,2016-06-02,USA: District of Columbia,38.97,-77.03,Unknown
MRSN374613,GCA_019928285.1,Urine,BEI Resources,PRJNA717739,SAMN18874727,Homo sapiens,2016-01-29,USA: Maryland,38.81,-76.86,Unknown
MRSN380979,GCA_019928305.1,Urine,BEI Resources,PRJNA717739,SAMN18874729,Homo sapiens,2016-02-12,USA: New Jersey,40.01,-74.59,Unknown
MRSN375436,GCA_019928325.1,Urine,BEI Resources,PRJNA717739,SAMN18874728,Homo sapiens,2016-02-16,USA: Texas,29.46,-98.41,Unknown
MRSN371351,GCA_019928345.1,Wound,BEI Resources,PRJNA717739,SAMN18874726,Homo sapiens,2003-10-25,Germany: Landstuhl,49.4,7.56,Unknown
MRSN368320,GCA_019928365.1,Blood,BEI Resources,PRJNA717739,SAMN18874725,Homo sapiens,2015-09-29,Kenya: Nairobi,-1.26,36.82,Unknown
MRSN28893,GCA_019928385.1,Urine,BEI Resources,PRJNA717739,SAMN18874721,Homo sapiens,2014-12-09,USA: California,38.26,-121.92,Unknown
MRSN365679,GCA_019928395.1,Urine,BEI Resources,PRJNA717739,SAMN18874722,Homo sapiens,2016-01-27,Thailand,15.870032,100.992541,Unknown
MRSN366562,GCA_019928405.1,Urine,BEI Resources,PRJNA717739,SAMN18874723,Homo sapiens,2015-07-12,Kenya: Nairobi,-1.26,36.82,Unknown
MRSN28887,GCA_019928445.1,Urine,BEI Resources,PRJNA717739,SAMN18874720,Homo sapiens,2014-12-09,USA: California,38.26,-121.92,Unknown
MRSN28866,GCA_019928465.1,Wound,BEI Resources,PRJNA717739,SAMN18874718,Homo sapiens,2015-02-04,USA: District of Columbia,38.97,-77.03,Unknown
MRSN28880,GCA_019928485.1,Urine,BEI Resources,PRJNA717739,SAMN18874719,Homo sapiens,2014-10-16,USA: California,38.26,-121.92,Unknown
MRSN27778,GCA_019928505.1,Unknown,BEI Resources,PRJNA717739,SAMN18874715,Homo sapiens,2015-01-30,USA: Conneticut,41.75,-72.68,Unknown
MRSN27989,GCA_019928525.1,Wound,BEI Resources,PRJNA717739,SAMN18874716,Homo sapiens,2014-12-31,USA: Texas,31.82,-106.46,Unknown
MRSN27106,GCA_019928545.1,Urine,BEI Resources,PRJNA717739,SAMN18874714,Homo sapiens,2014-11-17,Guam: Hagatna,13.47,144.73,Unknown
MRSN25947,GCA_019928565.1,Wound,BEI Resources,PRJNA717739,SAMN18874713,Homo sapiens,2014-09-21,USA: California,38.26,-121.92,Unknown
MRSN25616,GCA_019928585.1,Urine,BEI Resources,PRJNA717739,SAMN18874712,Homo sapiens,2014-08-19,USA: Texas,29.46,-98.41,Unknown
MRSN25112,GCA_019928595.1,Urine,BEI Resources,PRJNA717739,SAMN18874711,Homo sapiens,2014-08-25,USA: District of Columbia,38.97,-77.03,Unknown
MRSN22265,GCA_019928625.2,Respiratory,BEI Resources,PRJNA717739,SAMN18874709,Homo sapiens,2012-09-20,Peru: Iquitos,-3.7437644,-73.2515532,Unknown
MRSN25107,GCA_019928635.1,Urine,BEI Resources,PRJNA717739,SAMN18874710,Homo sapiens,2014-08-12,USA: District of Columbia,38.97,-77.03,Unknown
MRSN22232,GCA_019928665.1,Respiratory,BEI Resources,PRJNA717739,SAMN18874708,Homo sapiens,2013-06-18,Peru: Iquitos,-3.7437644,-73.2515532,Unknown
MRSN21304,GCA_019928685.1,Urine,BEI Resources,PRJNA717739,SAMN18874706,Homo sapiens,2014-02-12,USA: Virginia,38.7,-77.13,Unknown
MRSN21352,GCA_019928705.3,Urine,BEI Resources,PRJNA717739,SAMN18874707,Homo sapiens,2014-02-28,USA: District of Columbia,38.97,-77.03,Unknown
MRSN20522,GCA_019930055.1,Respiratory,BEI Resources,PRJNA717739,SAMN18874705,Homo sapiens,2013-12-19,USA: Texas,29.46,-98.41,Unknown
MRSN19073,GCA_019930085.1,Wound,BEI Resources,PRJNA717739,SAMN18874704,Homo sapiens,2013-09-20,Afghanistan,34.94,69.26,Unknown
MRSN18411,GCA_019930125.1,Urine,BEI Resources,PRJNA717739,SAMN18874703,Homo sapiens,2013-09-28,USA: Virginia,38.7,-77.13,Unknown
MRSN16233,GCA_019930145.1,Urine,BEI Resources,PRJNA717739,SAMN18874702,Homo sapiens,2013-03-22,South Korea,35.907757,127.766922,Unknown
MRSN15882,GCA_019930165.1,Surveillance,BEI Resources,PRJNA717739,SAMN18874699,Homo sapiens,2012-07-21,Germany: Landstuhl,49.4,7.56,Unknown
MRSN16008,GCA_019930175.1,Urine,BEI Resources,PRJNA717739,SAMN18874701,Homo sapiens,2013-04-04,USA: North Carolina,35.14,-79,Unknown
MRSN15937,GCA_019930185.1,Wound,BEI Resources,PRJNA717739,SAMN18874700,Homo sapiens,2013-03-28,USA: District of Columbia,38.97,-77.03,Unknown
MRSN15687,GCA_019930225.1,Urine,BEI Resources,PRJNA717739,SAMN18874698,Homo sapiens,2013-03-02,USA: Texas,29.46,-98.41,Unknown
MRSN14444,GCA_019930245.1,Urine,BEI Resources,PRJNA717739,SAMN18874696,Homo sapiens,2013-01-23,USA: Virginia,38.7,-77.13,Unknown
MRSN13761,GCA_019930265.1,Abscess,BEI Resources,PRJNA717739,SAMN18874694,Homo sapiens,2011-07-26,Turkey: Ankara,40,32.86,Unknown
MRSN13748,GCA_019930285.1,Blood,BEI Resources,PRJNA717739,SAMN18874693,Homo sapiens,2011-10-09,Turkey: Ankara,40,32.86,Unknown
MRSN13726,GCA_019930305.1,Urine,BEI Resources,PRJNA717739,SAMN18874692,Homo sapiens,2011-05-27,Turkey: Ankara,40,32.86,Unknown
MRSN7076,GCA_019930325.1,Culture sterile body site,BEI Resources,PRJNA717739,SAMN18874691,Homo sapiens,2003-04-27,USA: District of Columbia,38.97,-77.03,Unknown
MRSN6778,GCA_019930345.1,Urine,BEI Resources,PRJNA717739,SAMN18874690,Homo sapiens,2011-12-18,USA: District of Columbia,38.97,-77.03,Unknown
MRSN6031,GCA_019930355.1,Unknown,BEI Resources,PRJNA717739,SAMN18874689,Homo sapiens,2011-06-03,Germany: Landstuhl,49.4,7.56,Unknown
MRSN5881,GCA_019930385.1,Wound,BEI Resources,PRJNA717739,SAMN18874688,Homo sapiens,Unknown,USA: District of Columbia,38.97,-77.03,Unknown
MRSN5741,GCA_019930405.1,Respiratory,BEI Resources,PRJNA717739,SAMN18874687,Homo sapiens,Unknown,USA: District of Columbia,38.97,-77.03,Unknown
MRSN5613,GCA_019930425.1,Urine,BEI Resources,PRJNA717739,SAMN18874686,Homo sapiens,2011-11-16,USA: Washington,47.1,-122.55,Unknown
MRSN4759,GCA_019930445.1,Urine,BEI Resources,PRJNA717739,SAMN18874684,Homo sapiens,2011-09-07,USA: Hawaii,21.36,-157.88,Unknown
MRSN4815,GCA_019930465.1,Wound,BEI Resources,PRJNA717739,SAMN18874685,Homo sapiens,2011-06-13,USA: Texas,29.46,-98.41,Unknown
MRSN4111,GCA_019930485.1,Surveillance,BEI Resources,PRJNA717739,SAMN18874683,Homo sapiens,2011-07-12,USA: District of Columbia,38.97,-77.03,Unknown
MRSN1912,GCA_019930505.1,Surveillance,BEI Resources,PRJNA717739,SAMN18874682,Homo sapiens,2010-03-14,USA: District of Columbia,38.97,-77.03,Unknown
MRSN752729,GCA_020406995.1,Surveillance,BEI Resources,PRJNA717739,SAMN18874780,Homo sapiens,2019-12-03,Italy: Sienna,43.31,11.33,Unknown
MRSN368001,GCA_020407015.1,Unknown,BEI Resources,PRJNA717739,SAMN18874724,Homo sapiens,2015-11-16,Kenya: Nairobi,-1.26,36.82,Unknown
MRSN13768,GCA_020407045.1,Blood,BEI Resources,PRJNA717739,SAMN18874695,Homo sapiens,2011-05-28,Turkey: Ankara,40,32.86,Unknown
MRSN28183,GCA_020407065.1,Respiratory,BEI Resources,PRJNA717739,SAMN18874717,Homo sapiens,2008-07-30,USA: District of Columbia,38.97,-77.03,Unknown
NCTC9636,GCA_900451185.1,Unknown,NCTC,PRJEB6403,SAMEA3871784,Unknown,Unknown,Unknown,NA,NA,K3
NCTC13697,GCA_900451215.1,Unknown,NCTC,PRJEB6403,SAMEA3867452,Unknown,Unknown,Unknown,NA,NA,Unknown
NCTC11686,GCA_900451275.1,Feces,NCTC,PRJEB6403,SAMEA3282969,Homo sapiens,1900/1979,United Kingdom: Leeds,53.8007554,-1.5490774,Unknown
NCTC243,GCA_900451285.1,Unknown,NCTC,PRJEB6403,SAMEA4552890,Unknown,1900/1920,Unknown,NA,NA,Unknown
NCTC13698,GCA_900451315.1,Unknown,NCTC,PRJEB6403,SAMEA3867453,Unknown,Unknown,Unknown,NA,NA,Unknown
NCTC13695,GCA_900451355.1,Abdominal exudate,NCTC,PRJEB6403,SAMEA3879495,Unknown,Unknown,Unknown,NA,NA,Unknown
NCTC13671,GCA_900451385.1,Blood culture,NCTC,PRJEB6403,SAMEA3919794,Unknown,1917/1937,Unknown,NA,NA,Unknown
NCTC13691,GCA_900451395.1,Urine,NCTC,PRJEB6403,SAMEA104307700,Unknown,1917/1941,Unknown,NA,NA,Unknown
NCTC10314,GCA_900451405.1,Unknown,NCTC,PRJEB6403,SAMEA2689780,Unknown,Unknown,Unknown,NA,NA,Unknown
NCTC12463,GCA_900451415.1,Unknown,NCTC,PRJEB6403,SAMEA3251448,Unknown,1900/1991,Unknown,NA,NA,Unknown
NCTC13688,GCA_900451425.1,Unknown,NCTC,PRJEB6403,SAMEA3919812,Unknown,1917/1940,Unknown,NA,NA,Unknown
NCTC13440,GCA_900451435.1,Unknown,NCTC,PRJEB6403,SAMEA2709037,Unknown,Unknown,Unknown,NA,NA,Unknown
NCTC13809,GCA_900451445.1,Urine,NCTC,PRJEB6403,SAMEA4362419,Human (42 year old male),2007,Unknown,NA,NA,Unknown
NCTC13672,GCA_900451455.1,Unknown,NCTC,PRJEB6403,SAMEA3919795,Unknown,1917/1940,Unknown,NA,NA,Unknown
NCTC9140,GCA_900451465.1,Unknown,NCTC,PRJEB6403,SAMEA2689770,Unknown,Unknown,Unknown,NA,NA,Unknown
NCTC13686,GCA_900451475.1,Right antral washout,NCTC,PRJEB6403,SAMEA4557828,Unknown,1917/1940,Unknown,NA,NA,Unknown
NCTC13700,GCA_900451495.1,Unknown,NCTC,PRJEB6403,SAMEA3879497,Unknown,Unknown,Unknown,NA,NA,Unknown
NCTC13810,GCA_900451505.1,Unknown,NCTC,PRJEB6403,SAMEA4362420,Unknown,1900/2016,Unknown,NA,NA,Unknown
NCTC13673,GCA_900451515.1,Left antral washout,NCTC,PRJEB6403,SAMEA3919796,Unknown,1917/1920,Unknown,NA,NA,Unknown
NCTC13685,GCA_900451535.1,Right antral washout,NCTC,PRJEB6403,SAMEA4557827,Unknown,1917/1940,Unknown,NA,NA,Unknown
NCTC13439,GCA_900451545.1,Unknown,NCTC,PRJEB6403,SAMEA2709036,Unknown,Unknown,Unknown,NA,NA,Unknown
NCTC13676,GCA_900451555.1,Unknown,NCTC,PRJEB6403,SAMEA3919804,Unknown,1917/1941,Unknown,NA,NA,Unknown
NCTC9128,GCA_900451565.1,Unknown,NCTC,PRJEB6403,SAMEA2689769,Unknown,Unknown,Unknown,NA,NA,Unknown
NCTC8172,GCA_900451575.1,Unknown,NCTC,PRJEB6403,SAMEA3310340,Unknown,1900/1950,Unknown,NA,NA,Unknown
NCTC13443,GCA_900451585.1,Unknown,NCTC,PRJEB6403,SAMEA2742597,Unknown,Unknown,Unknown,NA,NA,Unknown
NCTC13669,GCA_900451595.1,Unknown,NCTC,PRJEB6403,SAMEA3919793,Unknown,1917/1937,Unknown,NA,NA,Unknown
NCTC13675,GCA_900451605.1,Sputum,NCTC,PRJEB6403,SAMEA3919798,Unknown,1917/1940,Unknown,NA,NA,Unknown
NCTC13684,GCA_900451615.1,Unknown,NCTC,PRJEB6403,SAMEA3919811,Unknown,1917/1940,Unknown,NA,NA,Unknown
NCTC13438,GCA_900451625.1,Unknown,NCTC,PRJEB6403,SAMEA2709035,Unknown,Unknown,Unknown,NA,NA,Unknown
NCTC13442,GCA_900451635.1,Unknown,NCTC,PRJEB6403,SAMEA2742596,Unknown,Unknown,Unknown,NA,NA,Unknown
NCTC13687,GCA_900451645.1,Right antral washout,NCTC,PRJEB6403,SAMEA104307701,Unknown,1917/1941,Unknown,NA,NA,Unknown
NCTC13674,GCA_900451655.1,Unknown,NCTC,PRJEB6403,SAMEA3919797,Unknown,1917/1932,Unknown,NA,NA,Unknown
NCTC7427,GCA_900451675.1,Unknown,NCTC,PRJEB6403,SAMEA3451120,Unknown,1900/1948,Unknown,NA,NA,Unknown
NCTC8895,GCA_900451685.1,Sputum,NCTC,PRJEB6403,SAMEA3345121,Homo sapiens,1952,United Kingdom: Ipswitch,52.0596687,1.1480867,K4
NCTC9601,GCA_900451695.1,Nose,NCTC,PRJEB6403,SAMEA3340635,Homo sapiens,1954,United Kingdom: London,51.5072178,-0.1275862,K4
NCTC8883,GCA_900451705.1,Sputum,NCTC,PRJEB6403,SAMEA3345120,Homo sapiens,1952,United Kingdom: Ipswitch,52.0596687,1.1480867,K4
NCTC9635,GCA_900451715.1,Unknown,NCTC,PRJEB6403,SAMEA3340405,Unknown,1900/1955,Unknown,NA,NA,K3
NCTC1936,GCA_900451725.1,Unknown,NCTC,PRJEB6403,SAMEA3400773,Homo sapiens,1925/1937,Netherlands: Amsterdam,52.3675734,4.9041389,Unknown
NCTC9657,GCA_900451735.1,Lung,NCTC,PRJEB6403,SAMEA3505366,Homo sapiens,1900/1955,Unknown,NA,NA,Unknown
NCTC9143,GCA_900451745.1,Urine,NCTC,PRJEB6403,SAMEA3443776,Unknown,1900/1952,Unknown,NA,NA,K23
NCTC5056,GCA_900451755.1,Unknown,NCTC,PRJEB6403,SAMEA3403046,Unknown,1900/1937,Unknown,NA,NA,K3
NCTC5052,GCA_900451765.1,Unknown,NCTC,PRJEB6403,SAMEA3403044,Unknown,1900/1937,Unknown,NA,NA,K6
NCTC9637,GCA_900451775.1,Unknown,NCTC,PRJEB6403,SAMEA3340638,Unknown,1900/1955,Unknown,NA,NA,K3
NCTC8849,GCA_900451785.1,Respiratory tract,NCTC,PRJEB6403,SAMEA3345119,Homo sapiens,1951,United Kingdom,55.378051,-3.435973,K3
NCTC7799,GCA_900451795.1,Unknown,NCTC,PRJEB6403,SAMEA3446329,Unknown,1900/1948,United Kingdom: Middlesex,55.378051,-3.435973,Unknown
NCTC5047,GCA_900451805.1,Nose,NCTC,PRJEB6403,SAMEA3400772,Unknown,1937,Netherlands: Amsterdam,52.3675734,4.9041389,K3
NCTC9134,GCA_900451815.1,Urine,NCTC,PRJEB6403,SAMEA3443775,Unknown,1900/1952,Unknown,NA,NA,K14
NCTC9661,GCA_900451825.1,Sputum,NCTC,PRJEB6403,SAMEA3492653,Homo sapiens,1900/1955,Unknown,NA,NA,K5
NCTC9645,GCA_900451835.1,Unknown,NCTC,PRJEB6403,SAMEA3345128,Unknown,1900/1955,Unknown,NA,NA,K4
NCTC10246,GCA_900451845.1,Unknown,NCTC,PRJEB6403,SAMEA3492656,Unknown,1948,USA: Washington D.C.,38.9071923,-77.0368707,Unknown
NCTC5051,GCA_900451855.1,Unknown,NCTC,PRJEB6403,SAMEA3505367,Unknown,1930/1937,Netherlands: Amsterdam,52.3675734,4.9041389,K5
NCTC11228,GCA_900451865.1,Unknown,NCTC,PRJEB6403,SAMEA3400771,Unknown,1900/1974,United Kingdom,55.378051,-3.435973,Unknown
NCTC9632,GCA_900451885.1,Unknown,NCTC,PRJEB6403,SAMEA3345127,Unknown,1900/1955,Unknown,NA,NA,K3
NCTC9662,GCA_900451895.1,Sputum,NCTC,PRJEB6403,SAMEA3492654,Homo sapiens,1900/1955,Unknown,NA,NA,K5
NCTC9151,GCA_900451905.1,Pus,NCTC,PRJEB6403,SAMEA3340403,Unknown,1900/1951,Unknown,NA,NA,K31
NCTC9181,GCA_900451915.1,Sputum,NCTC,PRJEB6403,SAMEA3307900,Unknown,1953/1900,Unknown,NA,NA,K61
NCTC11688,GCA_900451925.1,Unknown,NCTC,PRJEB6403,SAMEA3251441,Unknown,1900/1984,Unknown,NA,NA,Unknown
NCTC11682,GCA_900451955.1,Unknown,NCTC,PRJEB6403,SAMEA3282963,Unknown,1900/1984,Unknown,NA,NA,Unknown
NCTC11684,GCA_900451965.1,Feces,NCTC,PRJEB6403,SAMEA3282968,Homo sapiens,1900/1979,United Kingdom: Leeds,53.8007554,-1.5490774,Unknown
NCTC9153,GCA_900451975.1,Urine,NCTC,PRJEB6403,SAMEA3310342,Unknown,1900/1952,Unknown,NA,NA,K33
NCTC11676,GCA_900451995.1,Unknown,NCTC,PRJEB6403,SAMEA3251437,Unknown,1900/1979,Unknown,NA,NA,Unknown
NCTC11693,GCA_900452015.1,Unknown,NCTC,PRJEB6403,SAMEA3251444,Unknown,1900/1984,Unknown,NA,NA,Unknown
NCTC9162,GCA_900452025.1,Uterine secretion,NCTC,PRJEB6403,SAMEA3307899,Unknown,1952/1900,Unknown,NA,NA,K42
NCTC9139,GCA_900452055.1,Heart valve,NCTC,PRJEB6403,SAMEA3310341,Homo sapiens,1900/1952,Unknown,NA,NA,K19
NCTC5053,GCA_900452085.1,Unknown,NCTC,PRJEB6403,SAMEA3529256,Unknown,1900/1937,Unknown,NA,NA,Unknown
NCTC9166,GCA_900452095.1,Sputum,NCTC,PRJEB6403,SAMEA3340628,Unknown,1900/1952,Unknown,NA,NA,K38
NCTC11358,GCA_900452115.1,Unknown,NCTC,PRJEB6403,SAMEA3251434,Unknown,1900/1980,Unknown,NA,NA,K81
NCTC11678,GCA_900452145.2,Unknown,NCTC,PRJEB6403,SAMEA3251438,Unknown,1900/1984,Unknown,NA,NA,Unknown
NCTC9145,GCA_900452155.1,Urine,NCTC,PRJEB6403,SAMEA3307898,Unknown,1952/1900,Denmark: Copenhagen,55.6760968,12.5683371,K25
NCTC204,GCA_900452165.1,Unknown,NCTC,PRJEB6403,SAMEA3529254,Unknown,Unknown,Unknown,NA,NA,Unknown
NCTC11680,GCA_900452175.1,Unknown,NCTC,PRJEB6403,SAMEA3251439,Unknown,1900/1984,Unknown,NA,NA,Unknown
NCTC11679,GCA_900452195.1,Unknown,NCTC,PRJEB6403,SAMEA3282962,Unknown,1900/1984,Unknown,NA,NA,Unknown
NCTC11674,GCA_900452205.1,Unknown,NCTC,PRJEB6403,SAMEA3251436,Unknown,1900/1984,Unknown,NA,NA,Unknown
NCTC9154,GCA_900452235.1,Urine,NCTC,PRJEB6403,SAMEA3368266,Unknown,1900/1952,Unknown,NA,NA,K34
NCTC9158,GCA_900452315.1,Urine,NCTC,PRJEB6403,SAMEA3368267,Unknown,1900/1952,Unknown,NA,NA,K38
NCTC9132,GCA_900452365.1,Urine,NCTC,PRJEB6403,SAMEA3345124,Unknown,1900/1952,Unknown,NA,NA,K12
NCTC9133,GCA_900452445.1,Urine,NCTC,PRJEB6403,SAMEA3345125,Unknown,1900/1952,Unknown,NA,NA,K13
NCTC9127,GCA_900452485.1,Ice cream,NCTC,PRJEB6403,SAMEA3345122,Environmental,1900/1933,USA,38.7945952,-106.5348379,K7
NCTC9184,GCA_900452505.1,Unknown,NCTC,PRJEB6403,SAMEA3400779,Unknown,1900/1953,Unknown,NA,NA,K64
NCTC9617,GCA_900452525.1,Unknown,NCTC,PRJEB6403,SAMEA3340637,Unknown,1900/1955,USA,38.7945952,-106.5348379,K1
NCTC9498,GCA_900452625.1,Unknown,NCTC,PRJEB6403,SAMEA3340634,Unknown,1900/1954,Unknown,NA,NA,K1
NCTC9175,GCA_900452725.1,Urine,NCTC,PRJEB6403,SAMEA3368257,Unknown,1900/1952,Unknown,NA,NA,K55
NCTC13696,GCA_900461375.1,Unknown,NCTC,PRJEB6403,SAMEA3879496,Unknown,Unknown,Unknown,NA,NA,Unknown
NCTC13694,GCA_900461445.1,Unknown,NCTC,PRJEB6403,SAMEA3871787,Homo sapiens,Unknown,Unknown,NA,NA,Unknown
NCTC13465,GCA_900461465.1,Unknown,NCTC,PRJEB6403,SAMEA2742604,Unknown,Unknown,Unknown,NA,NA,Unknown
NCTC13701,GCA_900461475.1,Fatal case,NCTC,PRJEB6403,SAMEA3879498,Unknown,Unknown,Unknown,NA,NA,Unknown
NCTC9130,GCA_900461505.1,Urine,NCTC,PRJEB6403,SAMEA3345123,Unknown,1900/1952,Unknown,NA,NA,K10
NCTC11359,GCA_900635125.1,Unknown,NCTC,PRJEB6403,SAMEA3251435,Unknown,1900/1980,United Kingdom: Coventry,52.4128163,-1.5089521,K82
NCTC13635,GCA_900635735.1,Unknown,NCTC,PRJEB6403,SAMEA2742610,Unknown,Unknown,Unknown,NA,NA,Unknown
NCTC9667,GCA_900635975.1,Sputum,NCTC,PRJEB6403,SAMEA3340639,Unknown,1900/1955,Unknown,NA,NA,K6
NCTC418,GCA_900635995.1,Unknown,NCTC,PRJEB6403,SAMEA3368254,Unknown,1911,USA: Baltimore,39.2905023,-76.6104072,Unknown
NCTC10317,GCA_900636025.1,Unknown,NCTC,PRJEB6403,SAMEA3376914,Unknown,1900/1962,Norway: Oslo,59.9138688,10.7522454,K3
NCTC9793,GCA_900636455.1,Unknown,NCTC,PRJEB6403,SAMEA3597594,Unknown,1900/1946,Unknown,NA,NA,K2
NCTC9656,GCA_900707015.1,Unknown,NCTC,PRJEB6403,SAMEA3345129,Bovine,1900/1955,Unknown,NA,NA,K4
NCTC9660,GCA_900707025.1,Unknown,NCTC,PRJEB6403,SAMEA3345130,Unknown,1900/1955,Unknown,NA,NA,K5
NCTC11692,GCA_901420185.1,Unknown,NCTC,PRJEB6403,SAMEA3251443,Unknown,Unknown,Unknown,NA,NA,Unknown
NCTC11697,GCA_901420195.1,Unknown,NCTC,PRJEB6403,SAMEA3251445,Unknown,Unknown,Unknown,NA,NA,Unknown
NCTC10213,GCA_901420255.1,Throat,NCTC,PRJEB6403,SAMEA3251427,Homo sapiens,Unknown,Unknown,NA,NA,Unknown
NCTC8839,GCA_901420355.1,Sputum,NCTC,PRJEB6403,SAMEA3340625,Unknown,1900/1951,United Kingdom,55.378051,-3.435973,K1
NCTC9159,GCA_901420375.1,Urine,NCTC,PRJEB6403,SAMEA3310344,Unknown,1900/1952,Unknown,NA,NA,K39
NCTC9616,GCA_901420425.1,Unknown,NCTC,PRJEB6403,SAMEA3340636,Unknown,1900/1955,USA,38.7945952,-106.5348379,K1
NCTC9150,GCA_901420465.1,Urine,NCTC,PRJEB6403,SAMEA3368256,Unknown,1900/1951,Unknown,NA,NA,K30
NCTC11687,GCA_901420495.1,Unknown,NCTC,PRJEB6403,SAMEA3251440,Unknown,Unknown,Unknown,NA,NA,Unknown
NCTC9183,GCA_901420515.1,Pus,NCTC,PRJEB6403,SAMEA3340631,Unknown,Unknown,Unknown,NA,NA,K63
NCTC11675,GCA_901420575.1,Unknown,NCTC,PRJEB6403,SAMEA3368260,Unknown,1900/1984,Unknown,NA,NA,Unknown
NCTC9142,GCA_901420605.1,Urine,NCTC,PRJEB6403,SAMEA3368325,Unknown,1900/1952,Unknown,NA,NA,K22
NCTC9167,GCA_901420645.1,Pus,NCTC,PRJEB6403,SAMEA3368326,Unknown,1954,Unknown,NA,NA,K47
NCTC5054,GCA_901420755.1,Unknown,NCTC,PRJEB6403,SAMEA3403045,Unknown,1937,Netherlands,52.132633,5.291265999999999,K1
NCTC7242,GCA_901420785.1,Unknown,NCTC,PRJEB6403,SAMEA3451124,Unknown,1947,Unknown,NA,NA,K2
NCTC9163,GCA_901420795.1,Urine,NCTC,PRJEB6403,SAMEA3451137,Unknown,1900/1952,Denmark,56.26392,9.501785,K43
NCTC9129,GCA_901420815.1,Urine,NCTC,PRJEB6403,SAMEA3451129,Unknown,1952,Denmark,56.26392,9.501785,K9
NCTC9144,GCA_901420825.1,Urine,NCTC,PRJEB6403,SAMEA3451138,Unknown,1900/1952,Denmark,56.26392,9.501785,K24
NCTC9137,GCA_901420865.1,Urine,NCTC,PRJEB6403,SAMEA3468853,Unknown,1900/1952,Denmark,56.26392,9.501785,K17
NCTC11689,GCA_901420875.1,Feces,NCTC,PRJEB6403,SAMEA3282971,Homo sapiens,1900/1979,United Kingdom,55.378051,-3.435973,Unknown
NCTC9138,GCA_901420925.1,Bronchial washings,NCTC,PRJEB6403,SAMEA3468854,Unknown,1900/1952,Denmark,56.26392,9.501785,K18
NCTC9135,GCA_901420955.1,Feces,NCTC,PRJEB6403,SAMEA3492646,Unknown,1900/1952,Denmark,56.26392,9.501785,K15
NCTC9156,GCA_901420995.1,Urine,NCTC,PRJEB6403,SAMEA3468855,Unknown,1900/1952,Denmark,56.26392,9.501785,K36
NCTC9136,GCA_901421045.1,"Drainage, surgical incision",NCTC,PRJEB6403,SAMEA3492647,Unknown,1900/1952,Denmark,56.26392,9.501785,K16
NCTC5057,GCA_901421095.1,Unknown,NCTC,PRJEB6403,SAMEA3505368,Unknown,1937,Netherlands,52.132633,5.291265999999999,K1
NCTC9495,GCA_901421105.1,Pleural cavity,NCTC,PRJEB6403,SAMEA3492651,Homo sapiens,1900/1954,USA,38.7945952,-106.5348379,K1
NCTC9182,GCA_901421135.1,Sputum,NCTC,PRJEB6403,SAMEA3376912,Unknown,1953,USA,38.7945952,-106.5348379,K62
NCTC11698,GCA_901421925.1,Unknown,NCTC,PRJEB6403,SAMEA3368261,Unknown,1900/1984,Unknown,NA,NA,Unknown
NCTC9171,GCA_901421965.1,Chest pus,NCTC,PRJEB6403,SAMEA3345126,Unknown,1900/1952,Unknown,NA,NA,K51
NCTC9157,GCA_901422065.1,Urine,NCTC,PRJEB6403,SAMEA3492649,Unknown,1900/1952,Denmark,56.26392,9.501785,K37
NCTC8164,GCA_901482415.1,Unknown,NCTC,PRJEB6403,SAMEA3729945,Unknown,Unknown,Unknown,NA,NA,Unknown
NCTC3279,GCA_901482715.1,Unknown,NCTC,PRJEB6403,SAMEA3672882,Coypu,Unknown,Germany,51.165691,10.451526,Unknown
NCTC10313,GCA_900452035.1,Unknown,NCTC,PRJEB6403,SAMEA2689779,Unknown,Unknown,Unknown,NA,NA,Unknown
NCTC5050,GCA_900461485.1,Unknown,NCTC,PRJEB6403,SAMEA2665117,Unknown,Unknown,Unknown,NA,NA,Unknown
NCTC9633,GCA_900452045.1,Unknown,NCTC,PRJEB6403,SAMEA104016173,Unknown,1900/1955,Unknown,NA,NA,Unknown
NCTC9504,GCA_900452075.1,Unknown,NCTC,PRJEB6403,SAMEA2689774,Unknown,Unknown,Unknown,NA,NA,Unknown
NCTC9494,GCA_900452185.1,Unknown,NCTC,PRJEB6403,SAMEA2689773,Unknown,Unknown,Unknown,NA,NA,Unknown
NCTC7761,GCA_901542315.1,Unknown,NCTC,PRJEB6403,SAMEA3861963,Unknown,Unknown,United Kingdom,55.378051,-3.435973,Unknown
NCTC5046,GCA_900452125.1,Unknown,NCTC,PRJEB6403,SAMEA2665116,Unknown,Unknown,Unknown,NA,NA,Unknown
NCTC5048,GCA_900452135.1,Nose,NCTC,PRJEB6403,SAMEA26393668,Homo sapiens,1900/1937,Netherlands: Amsterdam,52.3675734,4.9041389,Unknown
NCTC9499,GCA_900451245.1,Unknown,NCTC,PRJEB6403,SAMEA4557830,Canine,Unknown,Unknown,NA,NA,K1
NCTC13368,GCA_900451875.1,Urine,NCTC,PRJEB6403,SAMEA3403055,Homo sapiens,1994,"USA: Richmond, VA",37.5407246,-77.4360481,Unknown
NCTC11357,GCA_900635925.1,Unknown,NCTC,PRJEB6403,SAMEA3251433,Unknown,1900/1980,United Kingdom: Coventry,52.4128163,-1.5089521,K80
NCTC9180,GCA_900635945.1,Unknown,NCTC,PRJEB6403,SAMEA3340630,Unknown,1900/1952,Unknown,NA,NA,K60
NCTC11681,GCA_901420485.1,Feces,NCTC,PRJEB6403,SAMEA3282967,Homo sapiens,1900/1979,United Kingdom,55.378051,-3.435973,Unknown
NCTC9170,GCA_901422025.1,Unknown,NCTC,PRJEB6403,SAMEA3368328,Unknown,1900/1952,Turkey,38.963745,35.243322,K50
NCTC9177,GCA_900451525.1,Unknown,NCTC,PRJEB6403,SAMEA2689771,Unknown,Unknown,Unknown,NA,NA,Unknown
NCTC11695,GCA_900451985.1,Unknown,NCTC,PRJEB6403,SAMEA2709022,Unknown,Unknown,Unknown,NA,NA,Unknown
NCTC9176,GCA_900452005.1,Sputum,NCTC,PRJEB6403,SAMEA3340629,Unknown,1900/1952,Unknown,NA,NA,K56
NCTC10262,GCA_900452335.1,Unknown,NCTC,PRJEB6403,SAMEA3340640,Unknown,1900/1958,Unknown,NA,NA,K71
NCTC9668,GCA_900636185.1,Unknown,NCTC,PRJEB6403,SAMEA3446337,Unknown,1900/1955,Unknown,NA,NA,K6
NCTC9174,GCA_901420845.1,Urine,NCTC,PRJEB6403,SAMEA3376911,Unknown,1952,Denmark,56.26392,9.501785,K54
NCTC9169,GCA_901420855.1,Urine,NCTC,PRJEB6403,SAMEA3368327,Unknown,1900/1952,Unknown,NA,NA,K49
NCTC9178,GCA_901421915.1,Sputum,NCTC,PRJEB6403,SAMEA3368258,Unknown,1900/1952,Unknown,NA,NA,K58
163575R,GCA_045261935.1,Unknown,KlebPhaCol,PRJNA1187231,SAMN44786592,Homo sapiens,Unknown,Unknown,NA,NA,Unknown
164413U12,GCA_045261815.1,Unknown,KlebPhaCol,PRJNA1187231,SAMN44786598,Homo sapiens,Unknown,Unknown,NA,NA,Unknown
KLEB11,GCA_046503475.1,Unknown,KlebPhaCol,PRJNA1187231,SAMN44786610,Homo sapiens,Unknown,Unknown,NA,NA,Unknown
K6310,GCA_019732495.1,Blood,KlebPhaCol,PRJNA745534,SAMN20168914,Homo sapiens,2017,Netherlands,52.132633,5.291265999999999,Unknown
K6500,GCA_019732505.1,Blood,KlebPhaCol,PRJNA745534,SAMN20169011,Homo sapiens,2017,Netherlands,52.132633,5.291265999999999,Unknown
L923,GCA_019732515.1,Blood,KlebPhaCol,PRJNA745534,SAMN20169006,Homo sapiens,2018,Netherlands,52.132633,5.291265999999999,Unknown
K6592,GCA_019732555.1,Prosthetic material,KlebPhaCol,PRJNA745534,SAMN20169009,Homo sapiens,2017,Netherlands,52.132633,5.291265999999999,Unknown
K6453,GCA_019732565.1,Cerebrospinal fluid,KlebPhaCol,PRJNA745534,SAMN20169008,Homo sapiens,2017,Netherlands,52.132633,5.291265999999999,Unknown
K5962,GCA_019732615.1,Tissue,KlebPhaCol,PRJNA745534,SAMN20169039,Homo sapiens,2017,Netherlands,52.132633,5.291265999999999,Unknown
L0549,GCA_026891045.1,Blood,KlebPhaCol,PRJNA745534,SAMN30837124,Homo sapiens,2018-01-29,Netherlands,52.132633,5.291265999999999,Unknown
L0506,GCA_026891145.1,Blood,KlebPhaCol,PRJNA745534,SAMN30837133,Homo sapiens,2018-01-26,Netherlands,52.132633,5.291265999999999,Unknown
CFI_146_OXA48,GCA_040270525.1,Unknown,KlebPhaCol,PRJNA1123654,SAMN41817240,Homo sapiens,2015,United Kingdom: London,51.58,-0.24,Unknown
CFI_108_OXA181,GCA_040270625.1,Unknown,KlebPhaCol,PRJNA1123654,SAMN41817231,Homo sapiens,2015,United Kingdom: London,51.58,-0.24,Unknown
49856,GCA_040270635.1,Unknown,KlebPhaCol,PRJNA1123654,SAMN41817227,Homo sapiens,2010,Argentina: Buenos Aires,-34.35,-58.29,Unknown
CFI_147_OXA48,GCA_040270665.1,Unknown,KlebPhaCol,PRJNA1123654,SAMN41817241,Homo sapiens,2015,United Kingdom: London,51.58,-0.24,Unknown
CFI_110_OXA232,GCA_040270675.1,Unknown,KlebPhaCol,PRJNA1123654,SAMN41817232,Homo sapiens,2015,United Kingdom: London,51.58,-0.24,Unknown
CFI_128_NDM1,GCA_040270685.1,Unknown,KlebPhaCol,PRJNA1123654,SAMN41817236,Homo sapiens,2015,United Kingdom: London,51.58,-0.24,Unknown
CFI_014_VIM4,GCA_040270865.1,Unknown,KlebPhaCol,PRJNA1123654,SAMN41817230,Homo sapiens,2015,United Kingdom: London,51.58,-0.24,Unknown
CFI_127_NDM1,GCA_040270875.1,Unknown,KlebPhaCol,PRJNA1123654,SAMN41817235,Homo sapiens,2015,United Kingdom: London,51.58,-0.24,Unknown
46704,GCA_040270885.1,Unknown,KlebPhaCol,PRJNA1123654,SAMN41817226,Homo sapiens,2010,Argentina: Buenos Aires,-34.35,-58.29,Unknown
CFI_119_OXA48,GCA_040270895.1,Unknown,KlebPhaCol,PRJNA1123654,SAMN41817234,Homo sapiens,2015,United Kingdom: London,51.58,-0.24,Unknown
CFI_118_NDM1,GCA_040270905.1,Unknown,KlebPhaCol,PRJNA1123654,SAMN41817233,Homo sapiens,2015,United Kingdom: London,51.58,-0.24,Unknown
2609,GCA_040271105.1,Unknown,KlebPhaCol,PRJNA1123654,SAMN41817222,Homo sapiens,2011,United Kingdom: Southampton,50.93,-1.43,Unknown
CFI_001_VIM2,GCA_040271115.1,Unknown,KlebPhaCol,PRJNA1123654,SAMN41817229,Homo sapiens,2015,United Kingdom: London,51.58,-0.24,Unknown
CFI_141_KPC3,GCA_040271135.1,Unknown,KlebPhaCol,PRJNA1123654,SAMN41817239,Homo sapiens,2015,United Kingdom: London,51.58,-0.24,Unknown
80528,GCA_040271145.1,Unknown,KlebPhaCol,PRJNA1123654,SAMN41817228,Homo sapiens,2018,United Kingdom: Salisbury,51.02,-1.47,Unknown
18,GCA_040271165.1,Unknown,KlebPhaCol,PRJNA1123654,SAMN41817221,Homo sapiens,2008,United Kingdom: London,51.58,-0.24,Unknown
45071,GCA_040271265.1,Unknown,KlebPhaCol,PRJNA1123654,SAMN41817225,Homo sapiens,2010,Argentina: Buenos Aires,-34.35,-58.29,Unknown
2660,GCA_040271285.1,Unknown,KlebPhaCol,PRJNA1123654,SAMN41817224,Homo sapiens,2011,United Kingdom: Southampton,50.93,-1.43,Unknown
KPUK01,GCA_040271365.1,Unknown,KlebPhaCol,PRJNA1123654,SAMN41817243,Homo sapiens,2010,United Kingdom: London,51.58,-0.24,Unknown
2619,GCA_040271375.1,Unknown,KlebPhaCol,PRJNA1123654,SAMN41817223,Homo sapiens,2011,United Kingdom: Southampton,50.93,-1.43,Unknown
TW3,GCA_040271385.1,Unknown,KlebPhaCol,PRJNA1123654,SAMN41817249,Homo sapiens,2008,Taiwan,24.99,121.27,Unknown
CFI_134_NDM1,GCA_040271415.1,Unknown,KlebPhaCol,PRJNA1123654,SAMN41817238,Homo sapiens,2015,United Kingdom: London,51.58,-0.24,Unknown
KPUK04a,GCA_040271515.1,Unknown,KlebPhaCol,PRJNA1123654,SAMN41817245,Homo sapiens,2010,United Kingdom: London,51.58,-0.24,Unknown
MDRT1,GCA_040271525.1,Water,KlebPhaCol,PRJNA1123654,SAMN41817247,Unknown,2020,United Kingdom: Manchester,53.46,-2.22,Unknown
CFI_131_KPC2,GCA_040271555.1,Unknown,KlebPhaCol,PRJNA1123654,SAMN41817237,Homo sapiens,2015,United Kingdom: London,51.58,-0.24,Unknown
KPTR8,GCA_040271575.1,Water,KlebPhaCol,PRJNA1123654,SAMN41817242,Unknown,2019,United Kingdom: Basingstoke,51.28,-1.11,Unknown
RSUH15,GCA_040271595.1,Unknown,KlebPhaCol,PRJNA1123654,SAMN41817248,Homo sapiens,2021,United Kingdom: Stoke,53,-2.21,Unknown
KPUK02,GCA_040271615.1,Unknown,KlebPhaCol,PRJNA1123654,SAMN41817244,Homo sapiens,2010,United Kingdom: London,51.58,-0.24,Unknown
M6,GCA_040271635.1,Unknown,KlebPhaCol,PRJNA1123654,SAMN41817246,Homo sapiens,2012,United Kingdom: London,51.58,-0.24,Unknown
L1392,GCA_045261435.1,Blood culture,KlebPhaCol,PRJNA1187231,SAMN44786619,Homo sapiens,2018-04-01,Netherlands,52.132633,5.291265999999999,Unknown
L1522,GCA_045261455.1,Blood culture,KlebPhaCol,PRJNA1187231,SAMN44786620,Homo sapiens,2018-04-01,Netherlands,52.132633,5.291265999999999,Unknown
L0747,GCA_045261475.1,Blood culture,KlebPhaCol,PRJNA1187231,SAMN44786618,Homo sapiens,2018-02-11,Netherlands,52.132633,5.291265999999999,Unknown
L0738,GCA_045261495.1,Blood culture,KlebPhaCol,PRJNA1187231,SAMN44786617,Homo sapiens,2018-02-05,Netherlands,52.132633,5.291265999999999,Unknown
L0593,GCA_045261515.1,Blood culture,KlebPhaCol,PRJNA1187231,SAMN44786615,Homo sapiens,2018-02-01,Netherlands,52.132633,5.291265999999999,Unknown
L0644,GCA_045261535.1,Blood culture,KlebPhaCol,PRJNA1187231,SAMN44786616,Homo sapiens,2018-02-06,Netherlands,52.132633,5.291265999999999,Unknown
KLEB13,GCA_045261555.1,Unknown,KlebPhaCol,PRJNA1187231,SAMN44786612,Homo sapiens,Unknown,Unknown,NA,NA,Unknown
KLEB14,GCA_045261575.1,Unknown,KlebPhaCol,PRJNA1187231,SAMN44786613,Homo sapiens,Unknown,Unknown,NA,NA,Unknown
KLEB9,GCA_045261595.1,Unknown,KlebPhaCol,PRJNA1187231,SAMN44786608,Homo sapiens,Unknown,Unknown,NA,NA,Unknown
KLEB10,GCA_045261615.1,Unknown,KlebPhaCol,PRJNA1187231,SAMN44786609,Homo sapiens,Unknown,Unknown,NA,NA,Unknown
KLEB6,GCA_045261635.1,Unknown,KlebPhaCol,PRJNA1187231,SAMN44786606,Homo sapiens,Unknown,Unknown,NA,NA,Unknown
KLEB7,GCA_045261655.1,Unknown,KlebPhaCol,PRJNA1187231,SAMN44786607,Homo sapiens,Unknown,Unknown,NA,NA,Unknown
KLEB5,GCA_045261675.1,Unknown,KlebPhaCol,PRJNA1187231,SAMN44786605,Homo sapiens,Unknown,Unknown,NA,NA,Unknown
KLEB3,GCA_045261695.1,Unknown,KlebPhaCol,PRJNA1187231,SAMN44786603,Homo sapiens,Unknown,Unknown,NA,NA,Unknown
KLEB4,GCA_045261715.1,Unknown,KlebPhaCol,PRJNA1187231,SAMN44786604,Homo sapiens,Unknown,Unknown,NA,NA,Unknown
K5864,GCA_045261735.1,Blood culture,KlebPhaCol,PRJNA1187231,SAMN44786601,Homo sapiens,2017-11-04,Netherlands,52.132633,5.291265999999999,Unknown
KLEB2,GCA_045261755.1,Unknown,KlebPhaCol,PRJNA1187231,SAMN44786602,Homo sapiens,Unknown,Unknown,NA,NA,Unknown
922221W,GCA_045261775.1,Unknown,KlebPhaCol,PRJNA1187231,SAMN44786600,Homo sapiens,Unknown,Unknown,NA,NA,Unknown
164125A,GCA_045261835.1,Unknown,KlebPhaCol,PRJNA1187231,SAMN44786596,Homo sapiens,Unknown,Unknown,NA,NA,Unknown
164358U,GCA_045261855.1,Unknown,KlebPhaCol,PRJNA1187231,SAMN44786597,Homo sapiens,Unknown,Unknown,NA,NA,Unknown
164121Y,GCA_045261875.1,Unknown,KlebPhaCol,PRJNA1187231,SAMN44786595,Homo sapiens,Unknown,Unknown,NA,NA,Unknown
163862E,GCA_045261895.1,Unknown,KlebPhaCol,PRJNA1187231,SAMN44786593,Homo sapiens,Unknown,Unknown,NA,NA,Unknown
163895Q,GCA_045261915.1,Unknown,KlebPhaCol,PRJNA1187231,SAMN44786594,Homo sapiens,Unknown,Unknown,NA,NA,Unknown
4_1_44FAA,GCA_045261975.1,Unknown,KlebPhaCol,PRJNA1187231,SAMN44786591,Homo sapiens,Unknown,Unknown,NA,NA,Unknown
51851,GCA_040529165.1,Missing,KlebPhaCol,PRJNA1121092,SAMN41726972,Homo sapiens,2010,Argentina,-34.6037,-58.3816,Unknown
KP16,GCA_040529175.1,Bacterial culture,KlebPhaCol,PRJNA1121093,SAMN41728660,Homo sapiens,2010,United Kingdom,51.5897,-0.2491,Unknown
KPNIH1,GCA_000281535.2,Groin,KlebPhaCol,PRJNA73191,SAMN01057611,Homo sapiens,2011,USA,38.7945952,-106.5348379,Unknown
ATCC 700721; MGH 78578,GCA_000016305.1,Unknown,KlebPhaCol,PRJNA31,SAMN02603941,Unknown,Unknown,Unknown,NA,NA,Unknown
KLEB12,GCA_046503365.1,Unknown,KlebPhaCol,PRJNA1187231,SAMN44786611,Homo sapiens,Unknown,Unknown,NA,NA,Unknown
L0240,GCA_046503425.1,Blood culture,KlebPhaCol,PRJNA1187231,SAMN44786614,Homo sapiens,2018-11-01,Netherlands,52.132633,5.291265999999999,Unknown
921530F,GCA_045261795.1,Unknown,KlebPhaCol,PRJNA1187231,SAMN44786599,Homo sapiens,Unknown,Unknown,NA,NA,Unknown
1_1_55,GCA_046503465.1,Unknown,KlebPhaCol,PRJNA1187231,SAMN44786590,Homo sapiens,Unknown,Unknown,NA,NA,Unknown
