assembly_symlinks/GCA_019927265.1_ASM1992726v1_genomic.fna	kpneumoniae	258	gapA(3)	infB(3)	mdh(1)	pgi(1)	phoE(1)	rpoB(1)	tonB(79)
assembly_symlinks/GCA_019927285.1_ASM1992728v1_genomic.fna	kpneumoniae	4075	gapA(14)	infB(3)	mdh(2)	pgi(287)	phoE(9)	rpoB(1)	tonB(9)
assembly_symlinks/GCA_019927305.1_ASM1992730v1_genomic.fna	kpneumoniae	34	gapA(2)	infB(3)	mdh(6)	pgi(1)	phoE(9)	rpoB(7)	tonB(4)
assembly_symlinks/GCA_019927315.1_ASM1992731v1_genomic.fna	kpneumoniae	461	gapA(3)	infB(1)	mdh(13)	pgi(34)	phoE(63)	rpoB(1)	tonB(64)
assembly_symlinks/GCA_019927325.1_ASM1992732v1_genomic.fna	kpneumoniae	380	gapA(2)	infB(1)	mdh(1)	pgi(1)	phoE(1)	rpoB(4)	tonB(19)
assembly_symlinks/GCA_019927345.1_ASM1992734v1_genomic.fna	kpneumoniae	395	gapA(3)	infB(1)	mdh(2)	pgi(4)	phoE(1)	rpoB(1)	tonB(4)
assembly_symlinks/GCA_019927385.1_ASM1992738v1_genomic.fna	kpneumoniae	37	gapA(2)	infB(9)	mdh(2)	pgi(1)	phoE(13)	rpoB(1)	tonB(16)
assembly_symlinks/GCA_019927405.1_ASM1992740v1_genomic.fna	kpneumoniae	711	gapA(2)	infB(61)	mdh(2)	pgi(2)	phoE(6)	rpoB(4)	tonB(4)
assembly_symlinks/GCA_019927425.1_ASM1992742v1_genomic.fna	kpneumoniae	485	gapA(2)	infB(1)	mdh(1)	pgi(1)	phoE(7)	rpoB(1)	tonB(12)
assembly_symlinks/GCA_019927435.1_ASM1992743v1_genomic.fna	kpneumoniae	1621	gapA(4)	infB(3)	mdh(1)	pgi(2)	phoE(1)	rpoB(1)	tonB(62)
assembly_symlinks/GCA_019927465.1_ASM1992746v1_genomic.fna	kpneumoniae	70	gapA(2)	infB(6)	mdh(17)	pgi(1)	phoE(20)	rpoB(10)	tonB(25)
assembly_symlinks/GCA_019927485.1_ASM1992748v1_genomic.fna	kpneumoniae	1835	gapA(52)	infB(1)	mdh(2)	pgi(17)	phoE(7)	rpoB(16)	tonB(2)
assembly_symlinks/GCA_019927505.1_ASM1992750v1_genomic.fna	kpneumoniae	2441	gapA(2)	infB(1)	mdh(2)	pgi(1)	phoE(12)	rpoB(4)	tonB(9)
assembly_symlinks/GCA_019927525.1_ASM1992752v1_genomic.fna	kpneumoniae	340	gapA(3)	infB(3)	mdh(1)	pgi(1)	phoE(1)	rpoB(1)	tonB(18)
assembly_symlinks/GCA_019927535.1_ASM1992753v1_genomic.fna	kpneumoniae	987	gapA(2)	infB(1)	mdh(2)	pgi(6)	phoE(7)	rpoB(1)	tonB(12)
assembly_symlinks/GCA_019927565.1_ASM1992756v1_genomic.fna	kpneumoniae	198	gapA(25)	infB(33)	mdh(1)	pgi(26)	phoE(7)	rpoB(1)	tonB(56)
assembly_symlinks/GCA_019927585.1_ASM1992758v1_genomic.fna	kpneumoniae	17	gapA(2)	infB(1)	mdh(1)	pgi(1)	phoE(4)	rpoB(4)	tonB(4)
assembly_symlinks/GCA_019927605.1_ASM1992760v1_genomic.fna	kpneumoniae	200	gapA(2)	infB(1)	mdh(2)	pgi(1)	phoE(12)	rpoB(1)	tonB(68)
assembly_symlinks/GCA_019927625.1_ASM1992762v1_genomic.fna	kpneumoniae	15	gapA(1)	infB(1)	mdh(1)	pgi(1)	phoE(1)	rpoB(1)	tonB(1)
assembly_symlinks/GCA_019927645.1_ASM1992764v1_genomic.fna	kpneumoniae	231	gapA(2)	infB(6)	mdh(1)	pgi(3)	phoE(26)	rpoB(1)	tonB(77)
assembly_symlinks/GCA_019927655.1_ASM1992765v1_genomic.fna	kpneumoniae	1838	gapA(1)	infB(1)	mdh(2)	pgi(35)	phoE(10)	rpoB(24)	tonB(19)
assembly_symlinks/GCA_019927685.1_ASM1992768v1_genomic.fna	kpneumoniae	307	gapA(4)	infB(1)	mdh(2)	pgi(52)	phoE(1)	rpoB(1)	tonB(7)
assembly_symlinks/GCA_019927705.1_ASM1992770v1_genomic.fna	kpneumoniae	25	gapA(2)	infB(1)	mdh(1)	pgi(1)	phoE(10)	rpoB(4)	tonB(13)
assembly_symlinks/GCA_019927725.1_ASM1992772v1_genomic.fna	kpneumoniae	636	gapA(2)	infB(5)	mdh(1)	pgi(1)	phoE(4)	rpoB(1)	tonB(4)
assembly_symlinks/GCA_019927745.1_ASM1992774v1_genomic.fna	kpneumoniae	2217	gapA(2)	infB(1)	mdh(2)	pgi(3)	phoE(26)	rpoB(4)	tonB(25)
assembly_symlinks/GCA_019927765.1_ASM1992776v1_genomic.fna	kpneumoniae	661	gapA(4)	infB(3)	mdh(1)	pgi(36)	phoE(9)	rpoB(10)	tonB(14)
assembly_symlinks/GCA_019927785.1_ASM1992778v1_genomic.fna	kpneumoniae	268	gapA(2)	infB(1)	mdh(2)	pgi(1)	phoE(7)	rpoB(1)	tonB(81)
assembly_symlinks/GCA_019927805.1_ASM1992780v1_genomic.fna	kpneumoniae	244	gapA(2)	infB(5)	mdh(1)	pgi(1)	phoE(1)	rpoB(1)	tonB(24)
assembly_symlinks/GCA_019927825.1_ASM1992782v1_genomic.fna	kpneumoniae	348	gapA(2)	infB(1)	mdh(20)	pgi(1)	phoE(12)	rpoB(15)	tonB(16)
assembly_symlinks/GCA_019927845.1_ASM1992784v1_genomic.fna	kpneumoniae	133	gapA(12)	infB(1)	mdh(1)	pgi(2)	phoE(5)	rpoB(1)	tonB(36)
assembly_symlinks/GCA_019927855.1_ASM1992785v1_genomic.fna	kpneumoniae	65	gapA(2)	infB(1)	mdh(2)	pgi(1)	phoE(10)	rpoB(4)	tonB(13)
assembly_symlinks/GCA_019927885.1_ASM1992788v1_genomic.fna	kpneumoniae	788	gapA(2)	infB(4)	mdh(2)	pgi(1)	phoE(7)	rpoB(1)	tonB(12)
assembly_symlinks/GCA_019927905.1_ASM1992790v1_genomic.fna	kpneumoniae	3050	gapA(2)	infB(1)	mdh(220)	pgi(1)	phoE(10)	rpoB(1)	tonB(31)
assembly_symlinks/GCA_019927925.1_ASM1992792v1_genomic.fna	kpneumoniae	22	gapA(2)	infB(3)	mdh(1)	pgi(1)	phoE(1)	rpoB(4)	tonB(4)
assembly_symlinks/GCA_019927945.1_ASM1992794v1_genomic.fna	kpneumoniae	392	gapA(3)	infB(4)	mdh(6)	pgi(1)	phoE(7)	rpoB(4)	tonB(40)
assembly_symlinks/GCA_019927965.1_ASM1992796v1_genomic.fna	kpneumoniae	43	gapA(2)	infB(6)	mdh(1)	pgi(5)	phoE(11)	rpoB(1)	tonB(15)
assembly_symlinks/GCA_019927985.1_ASM1992798v1_genomic.fna	kpneumoniae	391	gapA(10)	infB(5)	mdh(1)	pgi(4)	phoE(6)	rpoB(4)	tonB(4)
assembly_symlinks/GCA_019928005.1_ASM1992800v1_genomic.fna	kpneumoniae	147	gapA(3)	infB(4)	mdh(6)	pgi(1)	phoE(7)	rpoB(4)	tonB(38)
assembly_symlinks/GCA_019928025.1_ASM1992802v1_genomic.fna	kpneumoniae	1399	gapA(4)	infB(1)	mdh(124)	pgi(1)	phoE(7)	rpoB(4)	tonB(91)
assembly_symlinks/GCA_019928045.1_ASM1992804v1_genomic.fna	kpneumoniae	23	gapA(2)	infB(1)	mdh(1)	pgi(1)	phoE(9)	rpoB(4)	tonB(12)
assembly_symlinks/GCA_019928065.1_ASM1992806v1_genomic.fna	kpneumoniae	342	gapA(2)	infB(1)	mdh(1)	pgi(1)	phoE(1)	rpoB(1)	tonB(100)
assembly_symlinks/GCA_019928105.1_ASM1992810v1_genomic.fna	kpneumoniae	16	gapA(2)	infB(1)	mdh(2)	pgi(1)	phoE(4)	rpoB(4)	tonB(4)
assembly_symlinks/GCA_019928115.1_ASM1992811v1_genomic.fna	kpneumoniae	551	gapA(3)	infB(1)	mdh(1)	pgi(1)	phoE(9)	rpoB(4)	tonB(135)
assembly_symlinks/GCA_019928145.1_ASM1992814v1_genomic.fna	kpneumoniae	-	gapA(2)	infB(1)	mdh(1)	pgi(1)	phoE(4)	rpoB(4)	tonB(~4)
assembly_symlinks/GCA_019928165.1_ASM1992816v1_genomic.fna	kpneumoniae	-	gapA(7)	infB(1)	mdh(11)	pgi(1)	phoE(26)	rpoB(8)	tonB(43)
assembly_symlinks/GCA_019928185.1_ASM1992818v1_genomic.fna	kpneumoniae	11	gapA(3)	infB(3)	mdh(1)	pgi(1)	phoE(1)	rpoB(1)	tonB(4)
assembly_symlinks/GCA_019928205.1_ASM1992820v1_genomic.fna	kpneumoniae	323	gapA(2)	infB(1)	mdh(1)	pgi(1)	phoE(9)	rpoB(1)	tonB(93)
assembly_symlinks/GCA_019928215.1_ASM1992821v1_genomic.fna	kpneumoniae	512	gapA(54)	infB(3)	mdh(1)	pgi(1)	phoE(1)	rpoB(1)	tonB(79)
assembly_symlinks/GCA_019928245.1_ASM1992824v1_genomic.fna	kpneumoniae	471	gapA(3)	infB(1)	mdh(1)	pgi(68)	phoE(4)	rpoB(1)	tonB(39)
assembly_symlinks/GCA_019928265.1_ASM1992826v1_genomic.fna	kpneumoniae	252	gapA(2)	infB(5)	mdh(1)	pgi(1)	phoE(9)	rpoB(1)	tonB(6)
assembly_symlinks/GCA_019928285.1_ASM1992828v1_genomic.fna	kpneumoniae	686	gapA(4)	infB(1)	mdh(1)	pgi(3)	phoE(3)	rpoB(5)	tonB(54)
assembly_symlinks/GCA_019928305.1_ASM1992830v1_genomic.fna	kpneumoniae	134	gapA(3)	infB(1)	mdh(2)	pgi(1)	phoE(1)	rpoB(1)	tonB(4)
assembly_symlinks/GCA_019928325.1_ASM1992832v1_genomic.fna	kpneumoniae	13	gapA(2)	infB(3)	mdh(1)	pgi(1)	phoE(10)	rpoB(1)	tonB(19)
assembly_symlinks/GCA_019928345.1_ASM1992834v1_genomic.fna	kpneumoniae	44	gapA(2)	infB(1)	mdh(4)	pgi(3)	phoE(8)	rpoB(1)	tonB(9)
assembly_symlinks/GCA_019928365.1_ASM1992836v1_genomic.fna	kpneumoniae	38	gapA(2)	infB(1)	mdh(2)	pgi(1)	phoE(2)	rpoB(2)	tonB(2)
assembly_symlinks/GCA_019928385.1_ASM1992838v1_genomic.fna	kpneumoniae	-	gapA(2)	infB(1)	mdh(1)	pgi(1)	phoE(3)	rpoB(24)	tonB(~48)
assembly_symlinks/GCA_019928395.1_ASM1992839v1_genomic.fna	kpneumoniae	2071	gapA(120)	infB(6)	mdh(1)	pgi(3)	phoE(26)	rpoB(1)	tonB(77)
assembly_symlinks/GCA_019928405.1_ASM1992840v1_genomic.fna	kpneumoniae	147	gapA(3)	infB(4)	mdh(6)	pgi(1)	phoE(7)	rpoB(4)	tonB(38)
assembly_symlinks/GCA_019928445.1_ASM1992844v1_genomic.fna	kpneumoniae	253	gapA(2)	infB(1)	mdh(1)	pgi(1)	phoE(9)	rpoB(1)	tonB(13)
assembly_symlinks/GCA_019928465.1_ASM1992846v1_genomic.fna	kpneumoniae	15	gapA(1)	infB(1)	mdh(1)	pgi(1)	phoE(1)	rpoB(1)	tonB(1)
assembly_symlinks/GCA_019928485.1_ASM1992848v1_genomic.fna	kpneumoniae	36	gapA(2)	infB(1)	mdh(2)	pgi(1)	phoE(7)	rpoB(1)	tonB(7)
assembly_symlinks/GCA_019928505.1_ASM1992850v1_genomic.fna	kpneumoniae	1	gapA(4)	infB(4)	mdh(1)	pgi(1)	phoE(7)	rpoB(4)	tonB(10)
assembly_symlinks/GCA_019928525.1_ASM1992852v1_genomic.fna	kpneumoniae	2279	gapA(2)	infB(111)	mdh(1)	pgi(26)	phoE(3)	rpoB(4)	tonB(123)
assembly_symlinks/GCA_019928545.1_ASM1992854v1_genomic.fna	kpneumoniae	1966	gapA(2)	infB(1)	mdh(2)	pgi(1)	phoE(10)	rpoB(4)	tonB(42)
assembly_symlinks/GCA_019928565.1_ASM1992856v1_genomic.fna	kpneumoniae	-	gapA(2)	infB(1)	mdh(1)	pgi(3)	phoE(7)	rpoB(1)	tonB(91)
assembly_symlinks/GCA_019928585.1_ASM1992858v1_genomic.fna	kpneumoniae	1440	gapA(2)	infB(3)	mdh(1)	pgi(1)	phoE(4)	rpoB(1)	tonB(4)
assembly_symlinks/GCA_019928595.1_ASM1992859v1_genomic.fna	kpneumoniae	2623	gapA(2)	infB(83)	mdh(1)	pgi(1)	phoE(247)	rpoB(1)	tonB(9)
assembly_symlinks/GCA_019928625.2_ASM1992862v2_genomic.fna	kpneumoniae	1583	gapA(2)	infB(1)	mdh(2)	pgi(1)	phoE(12)	rpoB(1)	tonB(9)
assembly_symlinks/GCA_019928635.1_ASM1992863v1_genomic.fna	kpneumoniae	29	gapA(2)	infB(3)	mdh(2)	pgi(2)	phoE(6)	rpoB(4)	tonB(4)
assembly_symlinks/GCA_019928665.1_ASM1992866v1_genomic.fna	kpneumoniae	405	gapA(2)	infB(1)	mdh(62)	pgi(3)	phoE(10)	rpoB(4)	tonB(110)
assembly_symlinks/GCA_019928685.1_ASM1992868v1_genomic.fna	kpneumoniae	1271	gapA(2)	infB(3)	mdh(2)	pgi(2)	phoE(4)	rpoB(4)	tonB(4)
assembly_symlinks/GCA_019928705.3_ASM1992870v3_genomic.fna	kpneumoniae	323	gapA(2)	infB(1)	mdh(1)	pgi(1)	phoE(9)	rpoB(1)	tonB(93)
assembly_symlinks/GCA_019930055.1_ASM1993005v1_genomic.fna	kpneumoniae	45	gapA(2)	infB(1)	mdh(1)	pgi(6)	phoE(7)	rpoB(1)	tonB(12)
assembly_symlinks/GCA_019930085.1_ASM1993008v1_genomic.fna	kpneumoniae	20	gapA(2)	infB(3)	mdh(1)	pgi(1)	phoE(4)	rpoB(4)	tonB(4)
assembly_symlinks/GCA_019930125.1_ASM1993012v1_genomic.fna	kpneumoniae	2202	gapA(2)	infB(3)	mdh(65)	pgi(6)	phoE(3)	rpoB(15)	tonB(4)
assembly_symlinks/GCA_019930145.1_ASM1993014v1_genomic.fna	kpneumoniae	86	gapA(9)	infB(4)	mdh(2)	pgi(1)	phoE(1)	rpoB(1)	tonB(27)
assembly_symlinks/GCA_019930165.1_ASM1993016v1_genomic.fna	kpneumoniae	1686	gapA(101)	infB(1)	mdh(1)	pgi(1)	phoE(9)	rpoB(1)	tonB(10)
assembly_symlinks/GCA_019930175.1_ASM1993017v1_genomic.fna	kpneumoniae	111	gapA(2)	infB(1)	mdh(5)	pgi(1)	phoE(17)	rpoB(4)	tonB(42)
assembly_symlinks/GCA_019930185.1_ASM1993018v1_genomic.fna	kpneumoniae	309	gapA(2)	infB(9)	mdh(2)	pgi(1)	phoE(13)	rpoB(1)	tonB(10)
assembly_symlinks/GCA_019930225.1_ASM1993022v1_genomic.fna	kpneumoniae	-	gapA(4)	infB(1)	mdh(2)	pgi(1)	phoE(1)	rpoB(~7)	tonB(23)
assembly_symlinks/GCA_019930245.1_ASM1993024v1_genomic.fna	kpneumoniae	4270	gapA(2)	infB(1)	mdh(5)	pgi(285)	phoE(9)	rpoB(4)	tonB(13)
assembly_symlinks/GCA_019930265.1_ASM1993026v1_genomic.fna	kpneumoniae	394	gapA(2)	infB(9)	mdh(2)	pgi(1)	phoE(13)	rpoB(1)	tonB(82)
assembly_symlinks/GCA_019930285.1_ASM1993028v1_genomic.fna	kpneumoniae	107	gapA(2)	infB(1)	mdh(2)	pgi(17)	phoE(27)	rpoB(1)	tonB(39)
assembly_symlinks/GCA_019930305.1_ASM1993030v1_genomic.fna	kpneumoniae	39	gapA(2)	infB(1)	mdh(2)	pgi(4)	phoE(9)	rpoB(1)	tonB(14)
assembly_symlinks/GCA_019930325.1_ASM1993032v1_genomic.fna	kpneumoniae	-	gapA(2)	infB(5)	mdh(2)	pgi(28)	phoE(~4)	rpoB(1)	tonB(43)
assembly_symlinks/GCA_019930345.1_ASM1993034v1_genomic.fna	kpneumoniae	1842	gapA(2)	infB(2)	mdh(83)	pgi(1)	phoE(12)	rpoB(4)	tonB(4)
assembly_symlinks/GCA_019930355.1_ASM1993035v1_genomic.fna	kpneumoniae	322	gapA(2)	infB(1)	mdh(5)	pgi(1)	phoE(26)	rpoB(4)	tonB(12)
assembly_symlinks/GCA_019930385.1_ASM1993038v1_genomic.fna	kpneumoniae	48	gapA(2)	infB(5)	mdh(2)	pgi(2)	phoE(7)	rpoB(1)	tonB(10)
assembly_symlinks/GCA_019930405.1_ASM1993040v1_genomic.fna	kpneumoniae	234	gapA(2)	infB(1)	mdh(2)	pgi(1)	phoE(7)	rpoB(1)	tonB(24)
assembly_symlinks/GCA_019930425.1_ASM1993042v1_genomic.fna	kpneumoniae	1787	gapA(47)	infB(1)	mdh(13)	pgi(3)	phoE(12)	rpoB(25)	tonB(18)
assembly_symlinks/GCA_019930445.1_ASM1993044v1_genomic.fna	kpneumoniae	37	gapA(2)	infB(9)	mdh(2)	pgi(1)	phoE(13)	rpoB(1)	tonB(16)
assembly_symlinks/GCA_019930465.1_ASM1993046v1_genomic.fna	kpneumoniae	261	gapA(2)	infB(1)	mdh(1)	pgi(1)	phoE(4)	rpoB(27)	tonB(12)
assembly_symlinks/GCA_019930485.1_ASM1993048v1_genomic.fna	kpneumoniae	4833	gapA(4)	infB(1)	mdh(20)	pgi(2)	phoE(14)	rpoB(4)	tonB(4)
assembly_symlinks/GCA_019930505.1_ASM1993050v1_genomic.fna	kpneumoniae	336	gapA(2)	infB(1)	mdh(1)	pgi(1)	phoE(72)	rpoB(4)	tonB(4)
assembly_symlinks/GCA_020406995.1_ASM2040699v1_genomic.fna	kpneumoniae	147	gapA(3)	infB(4)	mdh(6)	pgi(1)	phoE(7)	rpoB(4)	tonB(38)
assembly_symlinks/GCA_020407015.1_ASM2040701v1_genomic.fna	kpneumoniae	14	gapA(1)	infB(6)	mdh(1)	pgi(1)	phoE(1)	rpoB(1)	tonB(1)
assembly_symlinks/GCA_020407045.1_ASM2040704v1_genomic.fna	kpneumoniae	101	gapA(2)	infB(6)	mdh(1)	pgi(5)	phoE(4)	rpoB(1)	tonB(6)
assembly_symlinks/GCA_020407065.1_ASM2040706v1_genomic.fna	kpneumoniae	199	gapA(4)	infB(34)	mdh(1)	pgi(1)	phoE(21)	rpoB(1)	tonB(35)
assembly_symlinks/GCA_900451165.1_44787_G01_genomic.fna	koxytoca	257	gapA(1)	infB(3)	mdh(13)	pgi(24)	phoE(2)	rpoB(10)	tonB(10)
assembly_symlinks/GCA_900451185.1_44503_H01_genomic.fna	kpneumoniae	3	gapA(5)	infB(5)	mdh(1)	pgi(1)	phoE(9)	rpoB(6)	tonB(11)
assembly_symlinks/GCA_900451215.1_44310_G01_genomic.fna	kpneumoniae	82	gapA(2)	infB(6)	mdh(1)	pgi(1)	phoE(4)	rpoB(1)	tonB(33)
assembly_symlinks/GCA_900451235.1_36340_F02_genomic.fna	koxytoca	-	gapA(1)	infB(2)	mdh(2)	pgi(2)	phoE(94)	rpoB(1)	tonB(1)
assembly_symlinks/GCA_900451245.1_46582_E01_genomic.fna	kpneumoniae	367	gapA(18)	infB(15)	mdh(26)	pgi(16)	phoE(11)	rpoB(13)	tonB(106)
assembly_symlinks/GCA_900451255.1_32473_E02_genomic.fna	koxytoca	19	gapA(1)	infB(2)	mdh(2)	pgi(1)	phoE(16)	rpoB(1)	tonB(2)
assembly_symlinks/GCA_900451275.1_36672_F01_genomic.fna	kpneumoniae	1026	gapA(2)	infB(1)	mdh(2)	pgi(35)	phoE(10)	rpoB(24)	tonB(19)
assembly_symlinks/GCA_900451285.1_52313_E01_genomic.fna	kpneumoniae	375	gapA(43)	infB(1)	mdh(2)	pgi(1)	phoE(10)	rpoB(4)	tonB(13)
assembly_symlinks/GCA_900451315.1_44310_H01_genomic.fna	kpneumoniae	3764	gapA(2)	infB(6)	mdh(1)	pgi(1)	phoE(4)	rpoB(217)	tonB(33)
assembly_symlinks/GCA_900451325.1_37419_B02_genomic.fna	koxytoca	-	gapA(3)	infB(8)	mdh(32)	pgi(9)	phoE(~40)	rpoB(6)	tonB(27)
assembly_symlinks/GCA_900451335.1_32473_A01_genomic.fna	koxytoca	-	gapA(4)	infB(6)	mdh(26)	pgi(10)	phoE(46)	rpoB(7)	tonB(17?)
assembly_symlinks/GCA_900451355.1_44787_B01_genomic.fna	kpneumoniae	3	gapA(5)	infB(5)	mdh(1)	pgi(1)	phoE(9)	rpoB(6)	tonB(11)
assembly_symlinks/GCA_900451375.1_32473_G02_genomic.fna	koxytoca	-	gapA(3)	infB(41?)	mdh(8)	pgi(21)	phoE(25?)	rpoB(17?)	tonB(21)
assembly_symlinks/GCA_900451385.1_45709_E01_genomic.fna	kpneumoniae	82	gapA(2)	infB(6)	mdh(1)	pgi(1)	phoE(4)	rpoB(1)	tonB(33)
assembly_symlinks/GCA_900451395.1_58174_C01_genomic.fna	kpneumoniae	3767	gapA(2)	infB(10)	mdh(4)	pgi(97)	phoE(4)	rpoB(1)	tonB(18)
assembly_symlinks/GCA_900451405.1_31885_D02_genomic.fna	kpneumoniae	3756	gapA(2)	infB(1)	mdh(11)	pgi(4)	phoE(7)	rpoB(216)	tonB(13)
assembly_symlinks/GCA_900451415.1_36340_H01_genomic.fna	kpneumoniae	3760	gapA(2)	infB(6)	mdh(1)	pgi(1)	phoE(4)	rpoB(1)	tonB(523)
assembly_symlinks/GCA_900451425.1_45753_B01_genomic.fna	kpneumoniae	90	gapA(10)	infB(6)	mdh(1)	pgi(9)	phoE(12)	rpoB(4)	tonB(29)
assembly_symlinks/GCA_900451435.1_32512_E01_genomic.fna	kpneumoniae	584	gapA(4)	infB(1)	mdh(2)	pgi(1)	phoE(1)	rpoB(7)	tonB(4)
assembly_symlinks/GCA_900451445.1_49923_D01_genomic.fna	kpneumoniae	258	gapA(3)	infB(3)	mdh(1)	pgi(1)	phoE(1)	rpoB(1)	tonB(79)
assembly_symlinks/GCA_900451455.1_45532_C02_genomic.fna	kpneumoniae	82	gapA(2)	infB(6)	mdh(1)	pgi(1)	phoE(4)	rpoB(1)	tonB(33)
assembly_symlinks/GCA_900451465.1_31436_F01_genomic.fna	kpneumoniae	3776	gapA(213)	infB(1)	mdh(65)	pgi(2)	phoE(5)	rpoB(1)	tonB(36)
assembly_symlinks/GCA_900451475.1_46514_E02_genomic.fna	kpneumoniae	3766	gapA(10)	infB(163)	mdh(1)	pgi(9)	phoE(12)	rpoB(4)	tonB(9)
assembly_symlinks/GCA_900451495.1_44787_D01_genomic.fna	kpneumoniae	3768	gapA(10)	infB(6)	mdh(1)	pgi(9)	phoE(12)	rpoB(218)	tonB(9)
assembly_symlinks/GCA_900451505.1_49923_E01_genomic.fna	kpneumoniae	14	gapA(1)	infB(6)	mdh(1)	pgi(1)	phoE(1)	rpoB(1)	tonB(1)
assembly_symlinks/GCA_900451515.1_45532_D02_genomic.fna	kpneumoniae	82	gapA(2)	infB(6)	mdh(1)	pgi(1)	phoE(4)	rpoB(1)	tonB(33)
assembly_symlinks/GCA_900451525.1_31436_G01_genomic.fna	kpneumoniae	3780	gapA(16)	infB(18)	mdh(272)	pgi(40)	phoE(175)	rpoB(219)	tonB(74)
assembly_symlinks/GCA_900451535.1_46514_D02_genomic.fna	kpneumoniae	3766	gapA(10)	infB(163)	mdh(1)	pgi(9)	phoE(12)	rpoB(4)	tonB(9)
assembly_symlinks/GCA_900451545.1_32512_D01_genomic.fna	kpneumoniae	3761	gapA(2)	infB(1)	mdh(1)	pgi(13)	phoE(16)	rpoB(15)	tonB(524)
assembly_symlinks/GCA_900451555.1_45665_C01_genomic.fna	kpneumoniae	82	gapA(2)	infB(6)	mdh(1)	pgi(1)	phoE(4)	rpoB(1)	tonB(33)
assembly_symlinks/GCA_900451565.1_31436_E01_genomic.fna	kpneumoniae	3774	gapA(9)	infB(4)	mdh(270)	pgi(249)	phoE(1)	rpoB(1)	tonB(528)
assembly_symlinks/GCA_900451575.1_36734_E01_genomic.fna	kpneumoniae	505	gapA(7)	infB(1)	mdh(5)	pgi(1)	phoE(1)	rpoB(1)	tonB(84)
assembly_symlinks/GCA_900451585.1_32868_D02_genomic.fna	kpneumoniae	14	gapA(1)	infB(6)	mdh(1)	pgi(1)	phoE(1)	rpoB(1)	tonB(1)
assembly_symlinks/GCA_900451595.1_45709_D01_genomic.fna	kpneumoniae	3764	gapA(2)	infB(6)	mdh(1)	pgi(1)	phoE(4)	rpoB(217)	tonB(33)
assembly_symlinks/GCA_900451605.1_45665_A01_genomic.fna	kpneumoniae	3764	gapA(2)	infB(6)	mdh(1)	pgi(1)	phoE(4)	rpoB(217)	tonB(33)
assembly_symlinks/GCA_900451615.1_45753_A01_genomic.fna	kpneumoniae	82	gapA(2)	infB(6)	mdh(1)	pgi(1)	phoE(4)	rpoB(1)	tonB(33)
assembly_symlinks/GCA_900451625.1_32512_C01_genomic.fna	kpneumoniae	258	gapA(3)	infB(3)	mdh(1)	pgi(1)	phoE(1)	rpoB(1)	tonB(79)
assembly_symlinks/GCA_900451635.1_32512_G01_genomic.fna	kpneumoniae	353	gapA(3)	infB(9)	mdh(47)	pgi(1)	phoE(13)	rpoB(1)	tonB(16)
assembly_symlinks/GCA_900451645.1_58174_D01_genomic.fna	kpneumoniae	-	gapA(10)	infB(163)	mdh(1)	pgi(9)	phoE(12)	rpoB(4)	tonB(-)
assembly_symlinks/GCA_900451655.1_45532_E02_genomic.fna	kpneumoniae	3765	gapA(2)	infB(1)	mdh(1)	pgi(1)	phoE(9)	rpoB(156)	tonB(12)
assembly_symlinks/GCA_900451675.1_39304_F01_genomic.fna	kpneumoniae	86	gapA(9)	infB(4)	mdh(2)	pgi(1)	phoE(1)	rpoB(1)	tonB(27)
assembly_symlinks/GCA_900451685.1_37554_B01_genomic.fna	kpneumoniae	381	gapA(10)	infB(6)	mdh(1)	pgi(9)	phoE(12)	rpoB(42)	tonB(9)
assembly_symlinks/GCA_900451695.1_37637_D01_genomic.fna	kpneumoniae	3781	gapA(10)	infB(6)	mdh(1)	pgi(250)	phoE(12)	rpoB(220)	tonB(9)
assembly_symlinks/GCA_900451705.1_37554_A01_genomic.fna	kpneumoniae	3768	gapA(10)	infB(6)	mdh(1)	pgi(9)	phoE(12)	rpoB(218)	tonB(9)
assembly_symlinks/GCA_900451715.1_37419_D02_genomic.fna	kpneumoniae	3	gapA(5)	infB(5)	mdh(1)	pgi(1)	phoE(9)	rpoB(6)	tonB(11)
assembly_symlinks/GCA_900451725.1_38732_G01_genomic.fna	kpneumoniae	67	gapA(2)	infB(1)	mdh(9)	pgi(1)	phoE(15)	rpoB(5)	tonB(28)
assembly_symlinks/GCA_900451735.1_40295_H02_genomic.fna	kpneumoniae	93	gapA(10)	infB(11)	mdh(1)	pgi(9)	phoE(12)	rpoB(4)	tonB(9)
assembly_symlinks/GCA_900451745.1_39111_E02_genomic.fna	kpneumoniae	416	gapA(2)	infB(38)	mdh(1)	pgi(1)	phoE(7)	rpoB(4)	tonB(89)
assembly_symlinks/GCA_900451755.1_38977_F01_genomic.fna	kpneumoniae	3	gapA(5)	infB(5)	mdh(1)	pgi(1)	phoE(9)	rpoB(6)	tonB(11)
assembly_symlinks/GCA_900451765.1_38977_D01_genomic.fna	kpneumoniae	91	gapA(10)	infB(6)	mdh(1)	pgi(9)	phoE(12)	rpoB(4)	tonB(9)
assembly_symlinks/GCA_900451775.1_37637_B01_genomic.fna	kpneumoniae	3783	gapA(217)	infB(5)	mdh(1)	pgi(1)	phoE(9)	rpoB(6)	tonB(11)
assembly_symlinks/GCA_900451785.1_37509_G01_genomic.fna	kpneumoniae	3773	gapA(5)	infB(165)	mdh(269)	pgi(1)	phoE(9)	rpoB(6)	tonB(11)
assembly_symlinks/GCA_900451795.1_39130_E01_genomic.fna	kpneumoniae	3772	gapA(2)	infB(1)	mdh(9)	pgi(248)	phoE(15)	rpoB(5)	tonB(28)
assembly_symlinks/GCA_900451805.1_38732_F01_genomic.fna	kpneumoniae	3770	gapA(212)	infB(1)	mdh(9)	pgi(1)	phoE(392)	rpoB(5)	tonB(526)
assembly_symlinks/GCA_900451815.1_39111_D02_genomic.fna	kpneumoniae	1227	gapA(12)	infB(1)	mdh(20)	pgi(1)	phoE(56)	rpoB(4)	tonB(161)
assembly_symlinks/GCA_900451825.1_40400_A01_genomic.fna	kpneumoniae	91	gapA(10)	infB(6)	mdh(1)	pgi(9)	phoE(12)	rpoB(4)	tonB(9)
assembly_symlinks/GCA_900451835.1_38109_A01_genomic.fna	kpneumoniae	3784	gapA(218)	infB(6)	mdh(1)	pgi(9)	phoE(12)	rpoB(221)	tonB(29)
assembly_symlinks/GCA_900451845.1_40400_D01_genomic.fna	kpneumoniae	3	gapA(5)	infB(5)	mdh(1)	pgi(1)	phoE(9)	rpoB(6)	tonB(11)
assembly_symlinks/GCA_900451855.1_40311_A01_genomic.fna	kpneumoniae	91	gapA(10)	infB(6)	mdh(1)	pgi(9)	phoE(12)	rpoB(4)	tonB(9)
assembly_symlinks/GCA_900451865.1_38732_E01_genomic.fna	kpneumoniae	375	gapA(43)	infB(1)	mdh(2)	pgi(1)	phoE(10)	rpoB(4)	tonB(13)
assembly_symlinks/GCA_900451875.1_39220_A01_genomic.fna	kpneumoniae	489	gapA(18)	infB(22)	mdh(26)	pgi(71)	phoE(98)	rpoB(52)	tonB(51)
assembly_symlinks/GCA_900451885.1_37637_E02_genomic.fna	kpneumoniae	3	gapA(5)	infB(5)	mdh(1)	pgi(1)	phoE(9)	rpoB(6)	tonB(11)
assembly_symlinks/GCA_900451895.1_40400_B01_genomic.fna	kpneumoniae	91	gapA(10)	infB(6)	mdh(1)	pgi(9)	phoE(12)	rpoB(4)	tonB(9)
assembly_symlinks/GCA_900451905.1_37419_F02_genomic.fna	kpneumoniae	3778	gapA(2)	infB(3)	mdh(271)	pgi(1)	phoE(9)	rpoB(7)	tonB(4)
assembly_symlinks/GCA_900451915.1_36725_D01_genomic.fna	kpneumoniae	1411	gapA(2)	infB(1)	mdh(20)	pgi(2)	phoE(1)	rpoB(1)	tonB(10)
assembly_symlinks/GCA_900451925.1_36340_G02_genomic.fna	kpneumoniae	3759	gapA(2)	infB(161)	mdh(2)	pgi(1)	phoE(10)	rpoB(1)	tonB(19)
assembly_symlinks/GCA_900451945.1_36734_B01_genomic.fna	koxytoca	-	gapA(3)	infB(8)	mdh(24)	pgi(9)	phoE(40)	rpoB(~6)	tonB(41?)
assembly_symlinks/GCA_900451955.1_36603_G01_genomic.fna	kpneumoniae	14	gapA(1)	infB(6)	mdh(1)	pgi(1)	phoE(1)	rpoB(1)	tonB(1)
assembly_symlinks/GCA_900451965.1_36672_E01_genomic.fna	kpneumoniae	150	gapA(2)	infB(5)	mdh(2)	pgi(28)	phoE(4)	rpoB(1)	tonB(43)
assembly_symlinks/GCA_900451975.1_37277_B01_genomic.fna	kpneumoniae	499	gapA(2)	infB(1)	mdh(5)	pgi(2)	phoE(7)	rpoB(4)	tonB(4)
assembly_symlinks/GCA_900451985.1_32473_F02_genomic.fna	kpneumoniae	3815	gapA(16)	infB(24)	mdh(227)	pgi(49)	phoE(83)	rpoB(22)	tonB(124)
assembly_symlinks/GCA_900451995.1_36252_D01_genomic.fna	kpneumoniae	290	gapA(2)	infB(1)	mdh(1)	pgi(37)	phoE(10)	rpoB(1)	tonB(86)
assembly_symlinks/GCA_900452005.1_37430_B01_genomic.fna	kpneumoniae	3779	gapA(215)	infB(18)	mdh(109)	pgi(32)	phoE(146)	rpoB(22)	tonB(67)
assembly_symlinks/GCA_900452015.1_36340_D02_genomic.fna	kpneumoniae	215	gapA(2)	infB(1)	mdh(38)	pgi(37)	phoE(10)	rpoB(4)	tonB(18)
assembly_symlinks/GCA_900452025.1_36725_E01_genomic.fna	kpneumoniae	309	gapA(2)	infB(9)	mdh(2)	pgi(1)	phoE(13)	rpoB(1)	tonB(10)
assembly_symlinks/GCA_900452035.1_31885_E02_genomic.fna	kpneumoniae	3802	gapA(10)	infB(6)	mdh(273)	pgi(252)	phoE(12)	rpoB(4)	tonB(538)
assembly_symlinks/GCA_900452045.1_55064_E01_genomic.fna	kpneumoniae	3	gapA(5)	infB(5)	mdh(1)	pgi(1)	phoE(9)	rpoB(6)	tonB(11)
assembly_symlinks/GCA_900452055.1_37277_A01_genomic.fna	kpneumoniae	3775	gapA(2)	infB(5)	mdh(1)	pgi(234)	phoE(1)	rpoB(4)	tonB(8)
assembly_symlinks/GCA_900452065.1_37554_F01_genomic.fna	koxytoca	-	gapA(3)	infB(8)	mdh(20)	pgi(46?)	phoE(23?)	rpoB(14)	tonB(18)
assembly_symlinks/GCA_900452075.1_31701_A02_genomic.fna	kpneumoniae	29	gapA(2)	infB(3)	mdh(2)	pgi(2)	phoE(6)	rpoB(4)	tonB(4)
assembly_symlinks/GCA_900452085.1_41315_H02_genomic.fna	kpneumoniae	3771	gapA(10)	infB(164)	mdh(1)	pgi(9)	phoE(12)	rpoB(4)	tonB(527)
assembly_symlinks/GCA_900452095.1_37430_A01_genomic.fna	kpneumoniae	566	gapA(15)	infB(1)	mdh(1)	pgi(2)	phoE(5)	rpoB(23)	tonB(36)
assembly_symlinks/GCA_900452115.1_36252_A01_genomic.fna	kpneumoniae	3757	gapA(4)	infB(5)	mdh(1)	pgi(1)	phoE(1)	rpoB(94)	tonB(10)
assembly_symlinks/GCA_900452125.1_31289_F01_genomic.fna	kpneumoniae	3818	gapA(2)	infB(168)	mdh(275)	pgi(1)	phoE(398)	rpoB(5)	tonB(28)
assembly_symlinks/GCA_900452135.1_52579_E01_genomic.fna	kpneumoniae	3819	gapA(2)	infB(1)	mdh(276)	pgi(1)	phoE(15)	rpoB(226)	tonB(28)
assembly_symlinks/GCA_900452145.2_36252_E01_genomic.fna	kpneumoniae	322	gapA(2)	infB(1)	mdh(5)	pgi(1)	phoE(26)	rpoB(4)	tonB(12)
assembly_symlinks/GCA_900452155.1_36725_F01_genomic.fna	kpneumoniae	3777	gapA(214)	infB(5)	mdh(1)	pgi(12)	phoE(22)	rpoB(1)	tonB(10)
assembly_symlinks/GCA_900452165.1_41315_F02_genomic.fna	kpneumoniae	3769	gapA(5)	infB(5)	mdh(268)	pgi(1)	phoE(9)	rpoB(6)	tonB(11)
assembly_symlinks/GCA_900452175.1_36252_F01_genomic.fna	kpneumoniae	48	gapA(2)	infB(5)	mdh(2)	pgi(2)	phoE(7)	rpoB(1)	tonB(10)
assembly_symlinks/GCA_900452185.1_31769_G01_genomic.fna	kpneumoniae	3816	gapA(223)	infB(1)	mdh(1)	pgi(256)	phoE(9)	rpoB(4)	tonB(12)
assembly_symlinks/GCA_900452195.1_36603_F01_genomic.fna	kpneumoniae	3758	gapA(4)	infB(1)	mdh(1)	pgi(1)	phoE(21)	rpoB(1)	tonB(522)
assembly_symlinks/GCA_900452205.1_36252_C01_genomic.fna	kpneumoniae	48	gapA(2)	infB(5)	mdh(2)	pgi(2)	phoE(7)	rpoB(1)	tonB(10)
assembly_symlinks/GCA_900452235.1_38109_H02_genomic.fna	kpneumoniae	500	gapA(2)	infB(6)	mdh(1)	pgi(72)	phoE(4)	rpoB(4)	tonB(64)
assembly_symlinks/GCA_900452315.1_38187_F01_genomic.fna	kpneumoniae	299	gapA(2)	infB(10)	mdh(1)	pgi(1)	phoE(56)	rpoB(24)	tonB(31)
assembly_symlinks/GCA_900452335.1_37637_H02_genomic.fna	kpneumoniae	1225	gapA(16)	infB(32)	mdh(109)	pgi(32)	phoE(42)	rpoB(17)	tonB(67)
assembly_symlinks/GCA_900452365.1_37637_A01_genomic.fna	kpneumoniae	163	gapA(2)	infB(1)	mdh(1)	pgi(1)	phoE(9)	rpoB(1)	tonB(12)
assembly_symlinks/GCA_900452445.1_37637_G02_genomic.fna	kpneumoniae	504	gapA(2)	infB(1)	mdh(1)	pgi(1)	phoE(3)	rpoB(3)	tonB(18)
assembly_symlinks/GCA_900452485.1_37554_C01_genomic.fna	kpneumoniae	29	gapA(2)	infB(3)	mdh(2)	pgi(2)	phoE(6)	rpoB(4)	tonB(4)
assembly_symlinks/GCA_900452505.1_42842_G01_genomic.fna	kpneumoniae	505	gapA(7)	infB(1)	mdh(5)	pgi(1)	phoE(1)	rpoB(1)	tonB(84)
assembly_symlinks/GCA_900452525.1_37509_C01_genomic.fna	kpneumoniae	3782	gapA(216)	infB(6)	mdh(1)	pgi(1)	phoE(4)	rpoB(1)	tonB(33)
assembly_symlinks/GCA_900452625.1_37430_G01_genomic.fna	kpneumoniae	82	gapA(2)	infB(6)	mdh(1)	pgi(1)	phoE(4)	rpoB(1)	tonB(33)
assembly_symlinks/GCA_900452635.1_37430_F01_genomic.fna	koxytoca	-	gapA(14)	infB(24)	mdh(15)	pgi(8)	phoE(43?)	rpoB(36?)	tonB(4?)
assembly_symlinks/GCA_900452725.1_38273_F01_genomic.fna	kpneumoniae	77	gapA(4)	infB(1)	mdh(1)	pgi(1)	phoE(1)	rpoB(1)	tonB(35)
assembly_symlinks/GCA_900461375.1_44787_C01_genomic.fna	kpneumoniae	82	gapA(2)	infB(6)	mdh(1)	pgi(1)	phoE(4)	rpoB(1)	tonB(33)
assembly_symlinks/GCA_900461445.1_44503_B02_genomic.fna	kpneumoniae	82	gapA(2)	infB(6)	mdh(1)	pgi(1)	phoE(4)	rpoB(1)	tonB(33)
assembly_symlinks/GCA_900461465.1_33119_A02_genomic.fna	kpneumoniae	3762	gapA(2)	infB(162)	mdh(2)	pgi(1)	phoE(390)	rpoB(1)	tonB(2)
assembly_symlinks/GCA_900461475.1_44787_F01_genomic.fna	kpneumoniae	3764	gapA(2)	infB(6)	mdh(1)	pgi(1)	phoE(4)	rpoB(217)	tonB(33)
assembly_symlinks/GCA_900461485.1_31136_D01_genomic.fna	kpneumoniae	3803	gapA(10)	infB(166)	mdh(1)	pgi(253)	phoE(12)	rpoB(4)	tonB(9)
assembly_symlinks/GCA_900461495.1_36672_G01_genomic.fna	koxytoca	-	gapA(3)	infB(14)	mdh(8)	pgi(46?)	phoE(83?)	rpoB(17)	tonB(21)
assembly_symlinks/GCA_900461505.1_37554_D01_genomic.fna	kpneumoniae	297	gapA(31)	infB(1)	mdh(1)	pgi(37)	phoE(3)	rpoB(27)	tonB(64)
assembly_symlinks/GCA_900461515.1_37419_G01_genomic.fna	koxytoca	-	gapA(5)	infB(6)	mdh(19)	pgi(10?)	phoE(46)	rpoB(5)	tonB(~9)
assembly_symlinks/GCA_900478285.1_36005_G01_genomic.fna	koxytoca	101	gapA(2)	infB(3)	mdh(2)	pgi(2)	phoE(45)	rpoB(10)	tonB(1)
assembly_symlinks/GCA_900635105.1_36109_D01_genomic.fna	koxytoca	101	gapA(2)	infB(3)	mdh(2)	pgi(2)	phoE(45)	rpoB(10)	tonB(1)
assembly_symlinks/GCA_900635125.1_36252_B01_genomic.fna	kpneumoniae	507	gapA(2)	infB(3)	mdh(1)	pgi(1)	phoE(1)	rpoB(4)	tonB(38)
assembly_symlinks/GCA_900635435.1_28021_A02_genomic.fna	kaerogenes	134	dnaA(31)	fusA(3)	gyrB(1)	leuS(4)	pryG(3)	rplB(1)	rpoB(2)
assembly_symlinks/GCA_900635735.1_32875_B01_genomic.fna	kpneumoniae	3763	gapA(211)	infB(4)	mdh(267)	pgi(247)	phoE(391)	rpoB(1)	tonB(525)
assembly_symlinks/GCA_900635925.1_36109_E01_genomic.fna	kpneumoniae	1226	gapA(42)	infB(22)	mdh(26)	pgi(64)	phoE(11)	rpoB(13)	tonB(51)
assembly_symlinks/GCA_900635945.1_37430_C01_genomic.fna	kpneumoniae	1224	gapA(18)	infB(67)	mdh(26)	pgi(63)	phoE(142)	rpoB(38)	tonB(169)
assembly_symlinks/GCA_900635975.1_37509_E01_genomic.fna	kpneumoniae	3572	gapA(189)	infB(6)	mdh(17)	pgi(146)	phoE(20)	rpoB(10)	tonB(25)
assembly_symlinks/GCA_900635995.1_38273_C01_genomic.fna	kpneumoniae	375	gapA(43)	infB(1)	mdh(2)	pgi(1)	phoE(10)	rpoB(4)	tonB(13)
assembly_symlinks/GCA_900636025.1_38502_D01_genomic.fna	kpneumoniae	71	gapA(2)	infB(3)	mdh(10)	pgi(1)	phoE(10)	rpoB(10)	tonB(25)
assembly_symlinks/GCA_900636185.1_39282_B01_genomic.fna	kpneumoniae	3573	gapA(16)	infB(18)	mdh(21)	pgi(27)	phoE(68)	rpoB(17)	tonB(103)
assembly_symlinks/GCA_900636455.1_42166_D01_genomic.fna	kpneumoniae	252	gapA(2)	infB(5)	mdh(1)	pgi(1)	phoE(9)	rpoB(1)	tonB(6)
assembly_symlinks/GCA_900636985.1_45889_C01_genomic.fna	koxytoca	199	gapA(2)	infB(2)	mdh(2)	pgi(3)	phoE(19)	rpoB(2)	tonB(2)
assembly_symlinks/GCA_900637945.1_53421_E01_genomic.fna	kaerogenes	-	dnaA(14)	fusA(15)	gyrB(6)	leuS(3)	pryG(3)	rplB(2)	rpoB(2)
assembly_symlinks/GCA_900707015.1_38187_C01_genomic.fna	kpneumoniae	692	gapA(2)	infB(1)	mdh(2)	pgi(1)	phoE(1)	rpoB(4)	tonB(42)
assembly_symlinks/GCA_900707025.1_38273_B01_genomic.fna	kpneumoniae	60	gapA(2)	infB(1)	mdh(2)	pgi(1)	phoE(4)	rpoB(4)	tonB(8)
assembly_symlinks/GCA_901420185.1_36340_E02_genomic.fna	kpneumoniae	29	gapA(2)	infB(3)	mdh(2)	pgi(2)	phoE(6)	rpoB(4)	tonB(4)
assembly_symlinks/GCA_901420195.1_36340_C02_genomic.fna	kpneumoniae	3370	gapA(2)	infB(1)	mdh(2)	pgi(14)	phoE(9)	rpoB(187)	tonB(5)
assembly_symlinks/GCA_901420255.1_36005_C01_genomic.fna	kpneumoniae	82	gapA(2)	infB(6)	mdh(1)	pgi(1)	phoE(4)	rpoB(1)	tonB(33)
assembly_symlinks/GCA_901420355.1_37419_A02_genomic.fna	kpneumoniae	82	gapA(2)	infB(6)	mdh(1)	pgi(1)	phoE(4)	rpoB(1)	tonB(33)
assembly_symlinks/GCA_901420375.1_37277_D01_genomic.fna	kpneumoniae	985	gapA(10)	infB(3)	mdh(2)	pgi(2)	phoE(6)	rpoB(4)	tonB(4)
assembly_symlinks/GCA_901420425.1_37637_C01_genomic.fna	kpneumoniae	82	gapA(2)	infB(6)	mdh(1)	pgi(1)	phoE(4)	rpoB(1)	tonB(33)
assembly_symlinks/GCA_901420465.1_38273_E01_genomic.fna	kpneumoniae	43	gapA(2)	infB(6)	mdh(1)	pgi(5)	phoE(11)	rpoB(1)	tonB(15)
assembly_symlinks/GCA_901420485.1_36672_D01_genomic.fna	kpneumoniae	-	gapA(175?)	infB(22)	mdh(18)	pgi(61)	phoE(11)	rpoB(13)	tonB(51)
assembly_symlinks/GCA_901420495.1_36340_A01_genomic.fna	kpneumoniae	34	gapA(2)	infB(3)	mdh(6)	pgi(1)	phoE(9)	rpoB(7)	tonB(4)
assembly_symlinks/GCA_901420515.1_37430_D01_genomic.fna	kpneumoniae	-	gapA(2)	infB(1)	mdh(77)	pgi(1)	phoE(483?)	rpoB(4)	tonB(503?)
assembly_symlinks/GCA_901420575.1_38109_B02_genomic.fna	kpneumoniae	35	gapA(2)	infB(1)	mdh(2)	pgi(1)	phoE(10)	rpoB(1)	tonB(19)
assembly_symlinks/GCA_901420605.1_38389_G01_genomic.fna	kpneumoniae	155	gapA(22)	infB(1)	mdh(1)	pgi(1)	phoE(3)	rpoB(4)	tonB(1)
assembly_symlinks/GCA_901420645.1_38445_A01_genomic.fna	kpneumoniae	133	gapA(12)	infB(1)	mdh(1)	pgi(2)	phoE(5)	rpoB(1)	tonB(36)
assembly_symlinks/GCA_901420755.1_38977_E01_genomic.fna	kpneumoniae	82	gapA(2)	infB(6)	mdh(1)	pgi(1)	phoE(4)	rpoB(1)	tonB(33)
assembly_symlinks/GCA_901420785.1_39610_C01_genomic.fna	kpneumoniae	86	gapA(9)	infB(4)	mdh(2)	pgi(1)	phoE(1)	rpoB(1)	tonB(27)
assembly_symlinks/GCA_901420795.1_40087_E01_genomic.fna	kpneumoniae	372	gapA(2)	infB(1)	mdh(2)	pgi(1)	phoE(1)	rpoB(15)	tonB(4)
assembly_symlinks/GCA_901420815.1_39641_D01_genomic.fna	kpneumoniae	560	gapA(2)	infB(3)	mdh(1)	pgi(1)	phoE(21)	rpoB(4)	tonB(4)
assembly_symlinks/GCA_901420825.1_39641_E02_genomic.fna	kpneumoniae	-	gapA(~214)	infB(12)	mdh(1)	pgi(256?)	phoE(16)	rpoB(4)	tonB(25)
assembly_symlinks/GCA_901420845.1_38502_A01_genomic.fna	kpneumoniae	1219	gapA(16)	infB(18)	mdh(116)	pgi(105)	phoE(76)	rpoB(60)	tonB(152)
assembly_symlinks/GCA_901420855.1_38445_B01_genomic.fna	kpneumoniae	1148	gapA(16)	infB(18)	mdh(21)	pgi(27)	phoE(47)	rpoB(22)	tonB(75)
assembly_symlinks/GCA_901420865.1_39888_A01_genomic.fna	kpneumoniae	322	gapA(2)	infB(1)	mdh(5)	pgi(1)	phoE(26)	rpoB(4)	tonB(12)
assembly_symlinks/GCA_901420875.1_36725_A01_genomic.fna	kpneumoniae	-	gapA(52)	infB(1)	mdh(20)	pgi(2)	phoE(1,1)	rpoB(1)	tonB(47)
assembly_symlinks/GCA_901420925.1_39888_B01_genomic.fna	kpneumoniae	562	gapA(2)	infB(5)	mdh(1)	pgi(1)	phoE(10)	rpoB(1)	tonB(139)
assembly_symlinks/GCA_901420955.1_40345_C01_genomic.fna	kpneumoniae	-	gapA(2)	infB(53)	mdh(3)	pgi(1)	phoE(10?)	rpoB(4)	tonB(18)
assembly_symlinks/GCA_901420995.1_39888_C01_genomic.fna	kpneumoniae	565	gapA(3)	infB(3)	mdh(1)	pgi(1)	phoE(9)	rpoB(1)	tonB(38)
assembly_symlinks/GCA_901421045.1_40345_D01_genomic.fna	kpneumoniae	561	gapA(2)	infB(1)	mdh(76)	pgi(37)	phoE(1)	rpoB(4)	tonB(19)
assembly_symlinks/GCA_901421095.1_40311_B01_genomic.fna	kpneumoniae	82	gapA(2)	infB(6)	mdh(1)	pgi(1)	phoE(4)	rpoB(1)	tonB(33)
assembly_symlinks/GCA_901421105.1_40363_F01_genomic.fna	kpneumoniae	82	gapA(2)	infB(6)	mdh(1)	pgi(1)	phoE(4)	rpoB(1)	tonB(33)
assembly_symlinks/GCA_901421135.1_38502_B01_genomic.fna	kpneumoniae	504	gapA(2)	infB(1)	mdh(1)	pgi(1)	phoE(3)	rpoB(3)	tonB(18)
assembly_symlinks/GCA_901421915.1_38344_C01_genomic.fna	kpneumoniae	-	gapA(16)	infB(18)	mdh(84)	pgi(78)	phoE(390?)	rpoB(84)	tonB(656?)
assembly_symlinks/GCA_901421925.1_38656_F01_genomic.fna	kpneumoniae	321	gapA(4)	infB(16)	mdh(2)	pgi(1)	phoE(28)	rpoB(3)	tonB(40)
assembly_symlinks/GCA_901421965.1_38015_G01_genomic.fna	kpneumoniae	-	gapA(2)	infB(1)	mdh(173?)	pgi(1)	phoE(4)	rpoB(4)	tonB(4)
assembly_symlinks/GCA_901422025.1_38445_C01_genomic.fna	kpneumoniae	488	gapA(42)	infB(22)	mdh(26)	pgi(22)	phoE(79)	rpoB(41)	tonB(51)
assembly_symlinks/GCA_901422065.1_40345_F01_genomic.fna	kpneumoniae	171	gapA(4)	infB(1)	mdh(5)	pgi(1)	phoE(7)	rpoB(5)	tonB(23)
assembly_symlinks/GCA_901482415.1_43908_C02_genomic.fna	kpneumoniae	116	gapA(15)	infB(1)	mdh(1)	pgi(18)	phoE(1)	rpoB(1)	tonB(4)
assembly_symlinks/GCA_901482715.1_42925_D01_genomic.fna	kpneumoniae	65	gapA(2)	infB(1)	mdh(2)	pgi(1)	phoE(10)	rpoB(4)	tonB(13)
assembly_symlinks/GCA_901542315.1_44087_B02_genomic.fna	kpneumoniae	86	gapA(9)	infB(4)	mdh(2)	pgi(1)	phoE(1)	rpoB(1)	tonB(27)
assembly_symlinks/GCA_901542455.1_40345_E01_genomic.fna	koxytoca	-	gapA(21)	infB(6)	mdh(14)	pgi(10)	phoE(~62)	rpoB(7)	tonB(9)
assembly_symlinks/Klebsiella_aerogenes_ATCC_13048.fasta	kaerogenes	134	dnaA(31)	fusA(3)	gyrB(1)	leuS(4)	pryG(3)	rplB(1)	rpoB(2)
assembly_symlinks/Klebsiella_aerogenes_ATCC_15038.fasta	kaerogenes	-	dnaA(8)	fusA(3)	gyrB(6)	leuS(14)	pryG(2)	rplB(1)	rpoB(10)
assembly_symlinks/Klebsiella_aerogenes_ATCC_29008.fasta	kaerogenes	-	dnaA(28)	fusA(~2)	gyrB(3)	leuS(3)	pryG(1)	rplB(1)	rpoB(2)
assembly_symlinks/Klebsiella_aerogenes_ATCC_29009.fasta	kaerogenes	93	dnaA(3)	fusA(3)	gyrB(2)	leuS(18)	pryG(3)	rplB(1)	rpoB(10)
assembly_symlinks/Klebsiella_aerogenes_ATCC_29010.fasta	kaerogenes	4	dnaA(3)	fusA(3)	gyrB(1)	leuS(4)	pryG(3)	rplB(1)	rpoB(2)
assembly_symlinks/Klebsiella_aerogenes_ATCC_35028.fasta	kaerogenes	93	dnaA(3)	fusA(3)	gyrB(2)	leuS(18)	pryG(3)	rplB(1)	rpoB(10)
assembly_symlinks/Klebsiella_aerogenes_ATCC_35029.fasta	kaerogenes	93	dnaA(3)	fusA(3)	gyrB(2)	leuS(18)	pryG(3)	rplB(1)	rpoB(10)
assembly_symlinks/Klebsiella_aerogenes_ATCC_43175.fasta	kaerogenes	134	dnaA(31)	fusA(3)	gyrB(1)	leuS(4)	pryG(3)	rplB(1)	rpoB(2)
assembly_symlinks/Klebsiella_aerogenes_ATCC_49469.fasta	kaerogenes	-	dnaA(7)	fusA(1)	gyrB(5)	leuS(~30)	pryG(5)	rplB(1)	rpoB(5)
assembly_symlinks/Klebsiella_aerogenes_ATCC_49701.fasta	kaerogenes	116	dnaA(30)	fusA(5)	gyrB(1)	leuS(14)	pryG(2)	rplB(1)	rpoB(2)
assembly_symlinks/Klebsiella_aerogenes_ATCC_51697.fasta	kaerogenes	4	dnaA(3)	fusA(3)	gyrB(1)	leuS(4)	pryG(3)	rplB(1)	rpoB(2)
assembly_symlinks/Klebsiella_aerogenes_ATCC_BAA_2356.fasta	kaerogenes	-	dnaA(11)	fusA(3)	gyrB(2)	leuS(3)	pryG(8)	rplB(8)	rpoB(~8)
assembly_symlinks/Klebsiella_michiganensis_ATCC_15764.fasta	koxytoca	213	gapA(3)	infB(5)	mdh(21)	pgi(13)	phoE(24)	rpoB(6)	tonB(61)
assembly_symlinks/Klebsiella_michiganensis_ATCC_43086.fasta	koxytoca	-	gapA(3)	infB(~20)	mdh(~17)	pgi(21)	phoE(~40)	rpoB(19)	tonB(30)
assembly_symlinks/Klebsiella_michiganensis_ATCC_BAA_2403.fasta	koxytoca	84	gapA(3)	infB(8)	mdh(17)	pgi(21)	phoE(40)	rpoB(17)	tonB(29)
assembly_symlinks/Klebsiella_oxytoca_ATCC_13030.fasta	koxytoca	-	gapA(15)	infB(6)	mdh(39)	pgi(10)	phoE(46)	rpoB(5)	tonB(17?)
assembly_symlinks/Klebsiella_oxytoca_ATCC_13182.fasta	koxytoca	199	gapA(2)	infB(2)	mdh(2)	pgi(3)	phoE(19)	rpoB(2)	tonB(2)
assembly_symlinks/Klebsiella_oxytoca_ATCC_13183.fasta	koxytoca	176	gapA(1)	infB(7)	mdh(2)	pgi(1)	phoE(65)	rpoB(1)	tonB(2)
assembly_symlinks/Klebsiella_oxytoca_ATCC_33496.fasta	koxytoca	-	gapA(2)	infB(2)	mdh(2)	pgi(1)	phoE(84)	rpoB(1)	tonB(2)
assembly_symlinks/Klebsiella_oxytoca_ATCC_35600.fasta	koxytoca	176	gapA(1)	infB(7)	mdh(2)	pgi(1)	phoE(65)	rpoB(1)	tonB(2)
assembly_symlinks/Klebsiella_oxytoca_ATCC_43165.fasta	koxytoca	2	gapA(1)	infB(2)	mdh(2)	pgi(1)	phoE(2)	rpoB(1)	tonB(2)
assembly_symlinks/Klebsiella_oxytoca_ATCC_43863.fasta	koxytoca	50	gapA(3)	infB(8)	mdh(8)	pgi(7)	phoE(10)	rpoB(6)	tonB(7)
assembly_symlinks/Klebsiella_oxytoca_ATCC_49131.fasta	koxytoca	59	gapA(2)	infB(2)	mdh(2)	pgi(27)	phoE(2)	rpoB(1)	tonB(2)
assembly_symlinks/Klebsiella_oxytoca_ATCC_51817.fasta	koxytoca	-	gapA(1)	infB(7)	mdh(2)	pgi(2)	phoE(65)	rpoB(1)	tonB(2)
assembly_symlinks/Klebsiella_oxytoca_ATCC_51983.fasta	koxytoca	223	gapA(2)	infB(18)	mdh(2)	pgi(55)	phoE(79)	rpoB(1)	tonB(2)
assembly_symlinks/Klebsiella_oxytoca_ATCC_700324.fasta	koxytoca	223	gapA(2)	infB(18)	mdh(2)	pgi(55)	phoE(79)	rpoB(1)	tonB(2)
assembly_symlinks/Klebsiella_oxytoca_ATCC_8724.fasta	koxytoca	28	gapA(3)	infB(5)	mdh(7)	pgi(8)	phoE(11)	rpoB(12)	tonB(5)
assembly_symlinks/Klebsiella_oxytoca_ATCC_BAA_2572.fasta	koxytoca	36	gapA(1)	infB(7)	mdh(2)	pgi(15)	phoE(21)	rpoB(1)	tonB(14)
assembly_symlinks/Klebsiella_oxytoca_ATCC_BAA_3059.fasta	koxytoca	138	gapA(3)	infB(8)	mdh(24)	pgi(46)	phoE(53)	rpoB(32)	tonB(48)
assembly_symlinks/Klebsiella_pneumoniae_ATCC_4352.fasta	kpneumoniae	86	gapA(9)	infB(4)	mdh(2)	pgi(1)	phoE(1)	rpoB(1)	tonB(27)
assembly_symlinks/Klebsiella_pneumoniae_ATCC_BAA_1144.fasta	kpneumoniae	134	gapA(3)	infB(1)	mdh(2)	pgi(1)	phoE(1)	rpoB(1)	tonB(4)
assembly_symlinks/Klebsiella_pneumoniae_ATCC_BAA_1705.fasta	kpneumoniae	258	gapA(3)	infB(3)	mdh(1)	pgi(1)	phoE(1)	rpoB(1)	tonB(79)
assembly_symlinks/Klebsiella_pneumoniae_ATCC_BAA_1706.fasta	kpneumoniae	14	gapA(1)	infB(6)	mdh(1)	pgi(1)	phoE(1)	rpoB(1)	tonB(1)
assembly_symlinks/Klebsiella_pneumoniae_ATCC_BAA_1898.fasta	kpneumoniae	258	gapA(3)	infB(3)	mdh(1)	pgi(1)	phoE(1)	rpoB(1)	tonB(79)
assembly_symlinks/Klebsiella_pneumoniae_ATCC_BAA_1899.fasta	kpneumoniae	258	gapA(3)	infB(3)	mdh(1)	pgi(1)	phoE(1)	rpoB(1)	tonB(79)
assembly_symlinks/Klebsiella_pneumoniae_ATCC_BAA_1900.fasta	kpneumoniae	258	gapA(3)	infB(3)	mdh(1)	pgi(1)	phoE(1)	rpoB(1)	tonB(79)
assembly_symlinks/Klebsiella_pneumoniae_ATCC_BAA_1902.fasta	kpneumoniae	418	gapA(3)	infB(3)	mdh(1)	pgi(1)	phoE(1)	rpoB(46)	tonB(79)
assembly_symlinks/Klebsiella_pneumoniae_ATCC_BAA_1903.fasta	kpneumoniae	418	gapA(3)	infB(3)	mdh(1)	pgi(1)	phoE(1)	rpoB(46)	tonB(79)
assembly_symlinks/Klebsiella_pneumoniae_ATCC_BAA_1904.fasta	kpneumoniae	792	gapA(2)	infB(7)	mdh(1)	pgi(26)	phoE(1)	rpoB(4)	tonB(4)
assembly_symlinks/Klebsiella_pneumoniae_ATCC_BAA_1905.fasta	kpneumoniae	258	gapA(3)	infB(3)	mdh(1)	pgi(1)	phoE(1)	rpoB(1)	tonB(79)
assembly_symlinks/Klebsiella_pneumoniae_ATCC_BAA_2146.fasta	kpneumoniae	11	gapA(3)	infB(3)	mdh(1)	pgi(1)	phoE(1)	rpoB(1)	tonB(4)
assembly_symlinks/Klebsiella_pneumoniae_ATCC_BAA_2342.fasta	kpneumoniae	258	gapA(3)	infB(3)	mdh(1)	pgi(1)	phoE(1)	rpoB(1)	tonB(79)
assembly_symlinks/Klebsiella_pneumoniae_ATCC_BAA_2343.fasta	kpneumoniae	258	gapA(3)	infB(3)	mdh(1)	pgi(1)	phoE(1)	rpoB(1)	tonB(79)
assembly_symlinks/Klebsiella_pneumoniae_ATCC_BAA_2344.fasta	kpneumoniae	258	gapA(3)	infB(3)	mdh(1)	pgi(1)	phoE(1)	rpoB(1)	tonB(79)
assembly_symlinks/Klebsiella_pneumoniae_ATCC_BAA_2473.fasta	kpneumoniae	14	gapA(1)	infB(6)	mdh(1)	pgi(1)	phoE(1)	rpoB(1)	tonB(1)
assembly_symlinks/Klebsiella_pneumoniae_ATCC_BAA_2782.fasta	kpneumoniae	101	gapA(2)	infB(6)	mdh(1)	pgi(5)	phoE(4)	rpoB(1)	tonB(6)
assembly_symlinks/Klebsiella_pneumoniae_ATCC_BAA_2783.fasta	kpneumoniae	16	gapA(2)	infB(1)	mdh(2)	pgi(1)	phoE(4)	rpoB(4)	tonB(4)
assembly_symlinks/Klebsiella_pneumoniae_ATCC_BAA_2784.fasta	kpneumoniae	258	gapA(3)	infB(3)	mdh(1)	pgi(1)	phoE(1)	rpoB(1)	tonB(79)
assembly_symlinks/Klebsiella_pneumoniae_ATCC_BAA_2785.fasta	kpneumoniae	258	gapA(3)	infB(3)	mdh(1)	pgi(1)	phoE(1)	rpoB(1)	tonB(79)
assembly_symlinks/Klebsiella_pneumoniae_ATCC_BAA_2786.fasta	kpneumoniae	258	gapA(3)	infB(3)	mdh(1)	pgi(1)	phoE(1)	rpoB(1)	tonB(79)
assembly_symlinks/Klebsiella_pneumoniae_ATCC_BAA_2787.fasta	kpneumoniae	258	gapA(3)	infB(3)	mdh(1)	pgi(1)	phoE(1)	rpoB(1)	tonB(79)
assembly_symlinks/Klebsiella_pneumoniae_ATCC_BAA_2788.fasta	kpneumoniae	258	gapA(3)	infB(3)	mdh(1)	pgi(1)	phoE(1)	rpoB(1)	tonB(79)
assembly_symlinks/Klebsiella_pneumoniae_ATCC_BAA_2789.fasta	kpneumoniae	258	gapA(3)	infB(3)	mdh(1)	pgi(1)	phoE(1)	rpoB(1)	tonB(79)
assembly_symlinks/Klebsiella_pneumoniae_ATCC_BAA_2790.fasta	kpneumoniae	258	gapA(3)	infB(3)	mdh(1)	pgi(1)	phoE(1)	rpoB(1)	tonB(79)
assembly_symlinks/Klebsiella_pneumoniae_ATCC_BAA_2814.fasta	kpneumoniae	512	gapA(54)	infB(3)	mdh(1)	pgi(1)	phoE(1)	rpoB(1)	tonB(79)
assembly_symlinks/Klebsiella_pneumoniae_ATCC_BAA_3060.fasta	kpneumoniae	589	gapA(2)	infB(1)	mdh(1)	pgi(1)	phoE(4)	rpoB(1)	tonB(6)
assembly_symlinks/Klebsiella_pneumoniae_ATCC_BAA_3061.fasta	kpneumoniae	258	gapA(3)	infB(3)	mdh(1)	pgi(1)	phoE(1)	rpoB(1)	tonB(79)
assembly_symlinks/Klebsiella_pneumoniae_ATCC_BAA_3062.fasta	kpneumoniae	101	gapA(2)	infB(6)	mdh(1)	pgi(5)	phoE(4)	rpoB(1)	tonB(6)
assembly_symlinks/Klebsiella_pneumoniae_ATCC_BAA_3063.fasta	kpneumoniae	15	gapA(1)	infB(1)	mdh(1)	pgi(1)	phoE(1)	rpoB(1)	tonB(1)
assembly_symlinks/Klebsiella_pneumoniae_ATCC_BAA_3064.fasta	kpneumoniae	101	gapA(2)	infB(6)	mdh(1)	pgi(5)	phoE(4)	rpoB(1)	tonB(6)
assembly_symlinks/Klebsiella_pneumoniae_ATCC_BAA_3065.fasta	kpneumoniae	11	gapA(3)	infB(3)	mdh(1)	pgi(1)	phoE(1)	rpoB(1)	tonB(4)
assembly_symlinks/Klebsiella_pneumoniae_ATCC_BAA_3066.fasta	kpneumoniae	147	gapA(3)	infB(4)	mdh(6)	pgi(1)	phoE(7)	rpoB(4)	tonB(38)
assembly_symlinks/Klebsiella_pneumoniae_ATCC_BAA_3067.fasta	kpneumoniae	11	gapA(3)	infB(3)	mdh(1)	pgi(1)	phoE(1)	rpoB(1)	tonB(4)
assembly_symlinks/Klebsiella_pneumoniae_ATCC_BAA_3068.fasta	kpneumoniae	881	gapA(2)	infB(68)	mdh(1)	pgi(1)	phoE(10)	rpoB(4)	tonB(13)
assembly_symlinks/Klebsiella_pneumoniae_ATCC_BAA_3069.fasta	kpneumoniae	258	gapA(3)	infB(3)	mdh(1)	pgi(1)	phoE(1)	rpoB(1)	tonB(79)
assembly_symlinks/Klebsiella_pneumoniae_ATCC_BAA_3070.fasta	kpneumoniae	-	gapA(18)	infB(~22)	mdh(18)	pgi(16)	phoE(94)	rpoB(13)	tonB(50)
assembly_symlinks/Klebsiella_pneumoniae_ATCC_BAA_3071.fasta	kpneumoniae	336	gapA(2)	infB(1)	mdh(1)	pgi(1)	phoE(72)	rpoB(4)	tonB(4)
assembly_symlinks/Klebsiella_pneumoniae_ATCC_BAA_3072.fasta	kpneumoniae	14	gapA(1)	infB(6)	mdh(1)	pgi(1)	phoE(1)	rpoB(1)	tonB(1)
assembly_symlinks/Klebsiella_pneumoniae_ATCC_BAA_3073.fasta	kpneumoniae	17	gapA(2)	infB(1)	mdh(1)	pgi(1)	phoE(4)	rpoB(4)	tonB(4)
assembly_symlinks/Klebsiella_pneumoniae_ATCC_BAA_3074.fasta	kpneumoniae	11	gapA(3)	infB(3)	mdh(1)	pgi(1)	phoE(1)	rpoB(1)	tonB(4)
assembly_symlinks/Klebsiella_pneumoniae_ATCC_BAA_3075.fasta	kpneumoniae	571	gapA(17)	infB(19)	mdh(79)	pgi(20)	phoE(108)	rpoB(55)	tonB(142)
assembly_symlinks/Klebsiella_pneumoniae_ATCC_BAA_3076.fasta	kpneumoniae	258	gapA(3)	infB(3)	mdh(1)	pgi(1)	phoE(1)	rpoB(1)	tonB(79)
assembly_symlinks/Klebsiella_pneumoniae_ATCC_BAA_3077.fasta	kpneumoniae	101	gapA(2)	infB(6)	mdh(1)	pgi(5)	phoE(4)	rpoB(1)	tonB(6)
assembly_symlinks/Klebsiella_pneumoniae_ATCC_BAA_3078.fasta	kpneumoniae	323	gapA(2)	infB(1)	mdh(1)	pgi(1)	phoE(9)	rpoB(1)	tonB(93)
assembly_symlinks/Klebsiella_pneumoniae_ATCC_BAA_3079.fasta	kpneumoniae	2292	gapA(3)	infB(4)	mdh(6)	pgi(1)	phoE(263)	rpoB(4)	tonB(38)
assembly_symlinks/Klebsiella_pneumoniae_subsp_ozaenae_ATCC_11296.fasta	kpneumoniae	91	gapA(10)	infB(6)	mdh(1)	pgi(9)	phoE(12)	rpoB(4)	tonB(9)
assembly_symlinks/Klebsiella_pneumoniae_subsp_pneumoniae_ATCC_10031.fasta	kpneumoniae	86	gapA(9)	infB(4)	mdh(2)	pgi(1)	phoE(1)	rpoB(1)	tonB(27)
assembly_symlinks/Klebsiella_pneumoniae_subsp_pneumoniae_ATCC_10273.fasta	kpneumoniae	3	gapA(5)	infB(5)	mdh(1)	pgi(1)	phoE(9)	rpoB(6)	tonB(11)
assembly_symlinks/Klebsiella_pneumoniae_subsp_pneumoniae_ATCC_10872.fasta	kpneumoniae	86	gapA(9)	infB(4)	mdh(2)	pgi(1)	phoE(1)	rpoB(1)	tonB(27)
assembly_symlinks/Klebsiella_pneumoniae_subsp_pneumoniae_ATCC_12657.fasta	kpneumoniae	29	gapA(2)	infB(3)	mdh(2)	pgi(2)	phoE(6)	rpoB(4)	tonB(4)
assembly_symlinks/Klebsiella_pneumoniae_subsp_pneumoniae_ATCC_132.fasta	kpneumoniae	86	gapA(9)	infB(4)	mdh(2)	pgi(1)	phoE(1)	rpoB(1)	tonB(27)
assembly_symlinks/Klebsiella_pneumoniae_subsp_pneumoniae_ATCC_13882.fasta	kpneumoniae	505	gapA(7)	infB(1)	mdh(5)	pgi(1)	phoE(1)	rpoB(1)	tonB(84)
assembly_symlinks/Klebsiella_pneumoniae_subsp_pneumoniae_ATCC_13883.fasta	kpneumoniae	3	gapA(5)	infB(5)	mdh(1)	pgi(1)	phoE(9)	rpoB(6)	tonB(11)
assembly_symlinks/Klebsiella_pneumoniae_subsp_pneumoniae_ATCC_13886.fasta	kpneumoniae	82	gapA(2)	infB(6)	mdh(1)	pgi(1)	phoE(4)	rpoB(1)	tonB(33)
assembly_symlinks/Klebsiella_pneumoniae_subsp_pneumoniae_ATCC_15380.fasta	kpneumoniae	375	gapA(43)	infB(1)	mdh(2)	pgi(1)	phoE(10)	rpoB(4)	tonB(13)
assembly_symlinks/Klebsiella_pneumoniae_subsp_pneumoniae_ATCC_211.fasta	kpneumoniae	889	gapA(3)	infB(1)	mdh(1)	pgi(4)	phoE(3)	rpoB(1)	tonB(19)
assembly_symlinks/Klebsiella_pneumoniae_subsp_pneumoniae_ATCC_21215.fasta	kpneumoniae	767	gapA(60)	infB(24)	mdh(21)	pgi(53)	phoE(54)	rpoB(22)	tonB(172)
assembly_symlinks/Klebsiella_pneumoniae_subsp_pneumoniae_ATCC_23356.fasta	kpneumoniae	10	gapA(4)	infB(1)	mdh(7)	pgi(1)	phoE(9)	rpoB(1)	tonB(12)
assembly_symlinks/Klebsiella_pneumoniae_subsp_pneumoniae_ATCC_23357.fasta	kpneumoniae	-	gapA(2)	infB(1)	mdh(1)	pgi(1)	phoE(~1)	rpoB(4)	tonB(135)
assembly_symlinks/Klebsiella_pneumoniae_subsp_pneumoniae_ATCC_25955.fasta	kpneumoniae	1271	gapA(2)	infB(3)	mdh(2)	pgi(2)	phoE(4)	rpoB(4)	tonB(4)
assembly_symlinks/Klebsiella_pneumoniae_subsp_pneumoniae_ATCC_27736.fasta	kpneumoniae	27	gapA(2)	infB(1)	mdh(11)	pgi(1)	phoE(9)	rpoB(10)	tonB(23)
assembly_symlinks/Klebsiella_pneumoniae_subsp_pneumoniae_ATCC_27799.fasta	kpneumoniae	14	gapA(1)	infB(6)	mdh(1)	pgi(1)	phoE(1)	rpoB(1)	tonB(1)
assembly_symlinks/Klebsiella_pneumoniae_subsp_pneumoniae_ATCC_29013.fasta	kpneumoniae	1057	gapA(16)	infB(24)	mdh(21)	pgi(27)	phoE(47)	rpoB(17)	tonB(134)
assembly_symlinks/Klebsiella_pneumoniae_subsp_pneumoniae_ATCC_29665.fasta	kpneumoniae	375	gapA(43)	infB(1)	mdh(2)	pgi(1)	phoE(10)	rpoB(4)	tonB(13)
assembly_symlinks/Klebsiella_pneumoniae_subsp_pneumoniae_ATCC_31311.fasta	kpneumoniae	595	gapA(16)	infB(24)	mdh(21)	pgi(27)	phoE(55)	rpoB(22)	tonB(67)
assembly_symlinks/Klebsiella_pneumoniae_subsp_pneumoniae_ATCC_31646.fasta	kpneumoniae	355	gapA(16)	infB(45)	mdh(21)	pgi(27)	phoE(47)	rpoB(22)	tonB(67)
assembly_symlinks/Klebsiella_pneumoniae_subsp_pneumoniae_ATCC_33495.fasta	kpneumoniae	4073	gapA(12)	infB(6)	mdh(1)	pgi(3)	phoE(8)	rpoB(5)	tonB(18)
assembly_symlinks/Klebsiella_pneumoniae_subsp_pneumoniae_ATCC_35593.fasta	kpneumoniae	82	gapA(2)	infB(6)	mdh(1)	pgi(1)	phoE(4)	rpoB(1)	tonB(33)
assembly_symlinks/Klebsiella_pneumoniae_subsp_pneumoniae_ATCC_35657.fasta	kpneumoniae	505	gapA(7)	infB(1)	mdh(5)	pgi(1)	phoE(1)	rpoB(1)	tonB(84)
assembly_symlinks/Klebsiella_pneumoniae_subsp_pneumoniae_ATCC_4208.fasta	kpneumoniae	82	gapA(2)	infB(6)	mdh(1)	pgi(1)	phoE(4)	rpoB(1)	tonB(33)
assembly_symlinks/Klebsiella_pneumoniae_subsp_pneumoniae_ATCC_4209.fasta	kpneumoniae	86	gapA(9)	infB(4)	mdh(2)	pgi(1)	phoE(1)	rpoB(1)	tonB(27)
assembly_symlinks/Klebsiella_pneumoniae_subsp_pneumoniae_ATCC_43816.fasta	kpneumoniae	493	gapA(2)	infB(1)	mdh(70)	pgi(1)	phoE(12)	rpoB(1)	tonB(127)
assembly_symlinks/Klebsiella_pneumoniae_subsp_pneumoniae_ATCC_49472.fasta	kpneumoniae	416	gapA(2)	infB(38)	mdh(1)	pgi(1)	phoE(7)	rpoB(4)	tonB(89)
assembly_symlinks/Klebsiella_pneumoniae_subsp_pneumoniae_ATCC_51503.fasta	kpneumoniae	20	gapA(2)	infB(3)	mdh(1)	pgi(1)	phoE(4)	rpoB(4)	tonB(4)
assembly_symlinks/Klebsiella_pneumoniae_subsp_pneumoniae_ATCC_51504.fasta	kpneumoniae	-	gapA(~120)	infB(10)	mdh(1)	pgi(1)	phoE(56)	rpoB(24)	tonB(31)
assembly_symlinks/Klebsiella_pneumoniae_subsp_pneumoniae_ATCC_700721.fasta	kpneumoniae	38	gapA(2)	infB(1)	mdh(2)	pgi(1)	phoE(2)	rpoB(2)	tonB(2)
assembly_symlinks/Klebsiella_pneumoniae_subsp_pneumoniae_ATCC_BAA_2470.fasta	kpneumoniae	37	gapA(2)	infB(9)	mdh(2)	pgi(1)	phoE(13)	rpoB(1)	tonB(16)
assembly_symlinks/Klebsiella_pneumoniae_subsp_pneumoniae_ATCC_BAA_2472.fasta	kpneumoniae	14	gapA(1)	infB(6)	mdh(1)	pgi(1)	phoE(1)	rpoB(1)	tonB(1)
assembly_symlinks/Klebsiella_pneumoniae_subsp_pneumoniae_ATCC_BAA_2524.fasta	kpneumoniae	45	gapA(2)	infB(1)	mdh(1)	pgi(6)	phoE(7)	rpoB(1)	tonB(12)
assembly_symlinks/Klebsiella_pneumoniae_subsp_rhinoscleromatis_ATCC_13884.fasta	kpneumoniae	67	gapA(2)	infB(1)	mdh(9)	pgi(1)	phoE(15)	rpoB(5)	tonB(28)
assembly_symlinks/Klebsiella_pneumoniae_subsp_rhinoscleromatis_ATCC_9436.fasta	kpneumoniae	67	gapA(2)	infB(1)	mdh(9)	pgi(1)	phoE(15)	rpoB(5)	tonB(28)
assembly_symlinks/Klebsiella_quasipneumoniae_ATCC_700603.fasta	kpneumoniae	489	gapA(18)	infB(22)	mdh(26)	pgi(71)	phoE(98)	rpoB(52)	tonB(51)
assembly_symlinks/Klebsiella_quasivariicola_ATCC_TSD_144.fasta	kpneumoniae	3899	gapA(65)	infB(174)	mdh(86)	pgi(79)	phoE(136)	rpoB(81)	tonB(209)
assembly_symlinks/Klebsiella_variicola_ATCC_31488.fasta	kpneumoniae	-	gapA(16)	infB(24)	mdh(21)	pgi(49)	phoE(44)	rpoB(66)	tonB(~67)
assembly_symlinks/Klebsiella_variicola_ATCC_BAA_2552.fasta	kpneumoniae	146	gapA(16)	infB(24)	mdh(30)	pgi(27)	phoE(36)	rpoB(22)	tonB(55)
assembly_symlinks/Klebsiella_variicola_ATCC_BAA_830.fasta	kpneumoniae	2263	gapA(16)	infB(18)	mdh(21)	pgi(154)	phoE(47)	rpoB(22)	tonB(67)
